sales_id,date,product_category,quantity,price,previous_sales,promotion,discount,customers,season,sales
SALE00001,2023-01-01,Apparel,54,38.47,1075.91,Yes,0.24,57,Winter,3778.05
SALE00002,2023-01-01,Beauty,33,33.59,886.41,No,0.0,27,Winter,1530.31
SALE00003,2023-01-01,Grocery,43,16.16,1117.05,No,0.0,27,Winter,933.28
SALE00004,2023-01-01,Electronics,38,243.09,865.98,No,0.0,25,Winter,12071.21
SALE00005,2023-01-02,Apparel,47,48.86,3778.05,No,0.0,49,Winter,2773.82
SALE00006,2023-01-02,Grocery,19,15.68,933.28,No,0.0,14,Winter,304.61
SALE00007,2023-01-03,Beauty,37,35.95,1530.31,Yes,0.23,40,Winter,2001.17
SALE00008,2023-01-03,Sports,42,61.15,991.64,Yes,0.2,36,Winter,3822.85
SALE00009,2023-01-03,Home & Garden,52,63.17,1054.0,No,0.0,39,Winter,3328.56
SALE00010,2023-01-04,Home & Garden,33,70.63,3328.56,No,0.0,35,Winter,2518.38
SALE00011,2023-01-04,Apparel,52,47.55,2773.82,No,0.0,37,Winter,2927.02
SALE00012,2023-01-04,Electronics,28,249.01,12071.21,No,0.0,23,Winter,8193.56
SALE00013,2023-01-05,Electronics,52,200.14,8193.56,No,0.0,56,Winter,12024.85
SALE00014,2023-01-05,Sports,45,65.21,3822.85,No,0.0,43,Winter,2926.77
SALE00015,2023-01-05,Apparel,54,50.77,2927.02,No,0.0,48,Winter,3230.19
SALE00016,2023-01-06,Apparel,26,49.04,3230.19,No,0.0,15,Winter,1430.9
SALE00017,2023-01-06,Electronics,39,231.99,12024.85,No,0.0,41,Winter,9236.33
SALE00018,2023-01-06,Sports,55,47.24,2926.77,No,0.0,36,Winter,3072.44
SALE00019,2023-01-07,Home & Garden,52,69.38,2518.38,Yes,0.24,50,Winter,6458.8
SALE00020,2023-01-07,Sports,66,47.84,3072.44,No,0.0,52,Winter,4292.77
SALE00021,2023-01-07,Beauty,44,34.47,2001.17,No,0.0,42,Winter,1823.81
SALE00022,2023-01-07,Electronics,78,263.27,9236.33,No,0.0,78,Winter,25970.37
SALE00023,2023-01-08,Beauty,52,33.21,1823.81,No,0.0,44,Winter,2215.56
SALE00024,2023-01-08,Grocery,37,17.88,304.61,No,0.0,28,Winter,921.29
SALE00025,2023-01-09,Grocery,61,15.4,921.29,No,0.0,50,Winter,1038.43
SALE00026,2023-01-09,Sports,32,47.23,4292.77,No,0.0,19,Winter,1591.57
SALE00027,2023-01-10,Sports,18,54.17,1591.57,No,0.0,11,Winter,1071.0
SALE00028,2023-01-10,Apparel,41,52.28,1430.9,No,0.0,37,Winter,2486.22
SALE00029,2023-01-10,Grocery,35,16.42,1038.43,No,0.0,27,Winter,648.36
SALE00030,2023-01-11,Apparel,29,41.43,2486.22,No,0.0,27,Winter,1216.95
SALE00031,2023-01-11,Home & Garden,22,69.35,6458.8,No,0.0,24,Winter,1570.86
SALE00032,2023-01-12,Grocery,57,14.12,648.36,No,0.0,43,Winter,844.5
SALE00033,2023-01-12,Beauty,46,32.65,2215.56,Yes,0.14,49,Winter,2015.21
SALE00034,2023-01-12,Apparel,59,42.67,1216.95,Yes,0.15,43,Winter,3230.23
SALE00035,2023-01-13,Grocery,59,15.38,844.5,No,0.0,42,Winter,903.0
SALE00036,2023-01-13,Home & Garden,45,62.28,1570.86,No,0.0,47,Winter,3013.19
SALE00037,2023-01-13,Electronics,35,250.32,25970.37,Yes,0.15,30,Winter,11332.64
SALE00038,2023-01-13,Sports,39,64.56,1071.0,No,0.0,23,Winter,2824.89
SALE00039,2023-01-14,Grocery,21,15.36,903.0,No,0.0,19,Winter,424.01
SALE00040,2023-01-14,Apparel,36,42.79,3230.23,No,0.0,21,Winter,2076.1
SALE00041,2023-01-14,Beauty,46,26.53,2015.21,No,0.0,31,Winter,1576.04
SALE00042,2023-01-14,Electronics,27,217.76,11332.64,Yes,0.11,21,Winter,8341.41
SALE00043,2023-01-15,Sports,53,50.86,2824.89,No,0.0,48,Winter,3200.6
SALE00044,2023-01-15,Electronics,43,199.47,8341.41,No,0.0,43,Winter,11779.69
SALE00045,2023-01-15,Home & Garden,55,72.94,3013.19,No,0.0,59,Winter,4983.48
SALE00046,2023-01-15,Beauty,29,33.84,1576.04,Yes,0.14,26,Winter,1558.38
SALE00047,2023-01-16,Apparel,30,46.13,2076.1,No,0.0,22,Winter,1513.63
SALE00048,2023-01-16,Beauty,45,35.06,1558.38,Yes,0.2,34,Winter,2379.88
SALE00049,2023-01-17,Sports,64,61.29,3200.6,No,0.0,45,Winter,4363.04
SALE00050,2023-01-17,Beauty,37,28.61,2379.88,Yes,0.22,33,Winter,1570.41
SALE00051,2023-01-18,Home & Garden,27,65.04,4983.48,Yes,0.18,22,Winter,2268.04
SALE00052,2023-01-18,Apparel,52,50.89,1513.63,No,0.0,50,Winter,3213.97
SALE00053,2023-01-19,Grocery,48,14.31,424.01,No,0.0,49,Winter,767.62
SALE00054,2023-01-19,Beauty,25,25.78,1570.41,No,0.0,16,Winter,688.96
SALE00055,2023-01-20,Beauty,31,33.39,688.96,No,0.0,30,Winter,1242.92
SALE00056,2023-01-20,Electronics,48,255.58,11779.69,Yes,0.13,44,Winter,15231.44
SALE00057,2023-01-20,Home & Garden,37,70.77,2268.04,Yes,0.17,35,Winter,3476.12
SALE00058,2023-01-21,Beauty,50,34.35,1242.92,No,0.0,36,Winter,2327.25
SALE00059,2023-01-21,Home & Garden,1,68.94,3476.12,Yes,0.23,5,Winter,120.9
SALE00060,2023-01-21,Electronics,36,188.64,15231.44,No,0.0,24,Winter,8470.89
SALE00061,2023-01-21,Sports,26,60.59,4363.04,Yes,0.26,27,Winter,3033.22
SALE00062,2023-01-22,Electronics,31,199.71,8470.89,No,0.0,23,Winter,7608.88
SALE00063,2023-01-22,Home & Garden,52,59.5,120.9,No,0.0,36,Winter,3632.01
SALE00064,2023-01-22,Sports,57,54.55,3033.22,No,0.0,39,Winter,4115.32
SALE00065,2023-01-22,Grocery,34,,767.62,Yes,0.19,34,Winter,794.34
SALE00066,2023-01-23,Home & Garden,36,56.03,3632.01,No,0.0,37,Winter,2354.12
SALE00067,2023-01-23,Grocery,74,17.61,794.34,No,0.0,71,Winter,1451.45
SALE00068,2023-01-23,Sports,58,59.53,4115.32,No,0.0,46,Winter,4052.53
SALE00069,2023-01-24,Sports,55,62.55,4052.53,No,0.0,43,Winter,3634.06
SALE00070,2023-01-24,Home & Garden,58,56.37,2354.12,No,0.0,58,Winter,3629.59
SALE00071,2023-01-25,Beauty,60,33.12,2327.25,No,0.0,49,Winter,2320.2
SALE00072,2023-01-25,Home & Garden,46,58.95,3629.59,Yes,0.09,49,Winter,3101.59
SALE00073,2023-01-26,Apparel,30,41.24,3213.97,Yes,0.14,20,Winter,1633.53
SALE00074,2023-01-26,Home & Garden,9,61.8,3101.59,No,0.0,8,Winter,645.23
SALE00075,2023-01-26,Sports,33,60.59,3634.06,No,0.0,32,Winter,2313.54
SALE00076,2023-01-27,Apparel,58,50.69,1633.53,No,0.0,60,Winter,3469.18
SALE00077,2023-01-27,Beauty,1,32.87,2320.2,No,0.0,5,Winter,37.63
SALE00078,2023-01-27,Grocery,36,14.78,1451.45,Yes,0.05,23,Winter,631.07
SALE00079,2023-01-28,Home & Garden,22,68.51,645.23,No,0.0,21,Winter,2094.89
SALE00080,2023-01-28,Electronics,15,187.43,7608.88,No,0.0,14,Winter,3855.1
SALE00081,2023-01-28,Apparel,38,52.13,3469.18,No,0.0,35,Winter,2591.3
SALE00082,2023-01-28,Grocery,53,13.23,631.07,No,0.0,36,Winter,977.7
SALE00083,2023-01-29,Apparel,49,50.9,2591.3,No,0.0,50,Winter,3401.39
SALE00084,2023-01-29,Beauty,57,33.49,37.63,Yes,0.28,42,Winter,3350.75
SALE00085,2023-01-29,Electronics,55,247.95,3855.1,No,0.0,39,Winter,16769.43
SALE00086,2023-01-29,Sports,20,63.58,2313.54,No,0.0,12,Winter,1772.33
SALE00087,2023-01-30,Apparel,45,52.12,3401.39,No,0.0,37,Winter,2814.59
SALE00088,2023-01-30,Grocery,36,13.38,977.7,No,0.0,34,Winter,484.21
SALE00089,2023-01-30,Sports,36,58.98,1772.33,No,0.0,38,Winter,2327.33
SALE00090,2023-01-30,Electronics,36,233.68,16769.43,No,0.0,29,Winter,9797.77
SALE00091,2023-01-31,Home & Garden,61,76.34,2094.89,No,0.0,53,Winter,5445.1
SALE00092,2023-01-31,Electronics,66,215.35,9797.77,No,0.0,69,Winter,16216.76
SALE00093,2023-02-01,Home & Garden,14,70.22,5445.1,No,0.0,10,Winter,1116.41
SALE00094,2023-02-01,Beauty,44,33.4,3350.75,No,0.0,46,Winter,1554.16
SALE00095,2023-02-01,Apparel,45,46.57,2814.59,No,0.0,32,Winter,2442.39
SALE00096,2023-02-02,Beauty,36,26.41,1554.16,No,0.0,36,Winter,1142.31
SALE00097,2023-02-02,Home & Garden,49,56.67,1116.41,Yes,0.24,41,Winter,4521.07
SALE00098,2023-02-03,Sports,39,60.08,2327.33,No,0.0,23,Winter,2493.8
SALE00099,2023-02-03,Grocery,74,16.27,484.21,No,0.0,76,Winter,1334.84
SALE00100,2023-02-03,Home & Garden,38,56.61,4521.07,No,0.0,29,Winter,2313.02
SALE00101,2023-02-03,Beauty,50,32.63,1142.31,Yes,0.13,49,Winter,2068.99
SALE00102,2023-02-04,Beauty,37,35.54,2068.99,No,0.0,31,Winter,1800.62
SALE00103,2023-02-04,Grocery,47,14.83,1334.84,Yes,0.09,32,Winter,1036.16
SALE00104,2023-02-04,Electronics,24,218.09,16216.76,No,0.0,18,Winter,6916.63
SALE00105,2023-02-04,Sports,50,50.21,2493.8,Yes,0.15,46,Winter,4015.91
SALE00106,2023-02-05,Grocery,48,13.03,1036.16,No,0.0,50,Winter,811.35
SALE00107,2023-02-05,Sports,49,48.46,4015.91,No,0.0,40,Winter,3021.58
SALE00108,2023-02-06,Sports,26,59.15,3021.58,Yes,0.25,24,Winter,2280.78
SALE00109,2023-02-06,Apparel,16,50.77,2442.39,No,0.0,15,Winter,881.24
SALE00110,2023-02-07,Home & Garden,51,74.38,2313.02,No,0.0,51,Winter,4373.05
SALE00111,2023-02-07,Grocery,46,17.9,811.35,No,0.0,42,Winter,882.4
SALE00112,2023-02-08,Apparel,43,39.44,881.24,No,0.0,29,Winter,1980.37
SALE00113,2023-02-08,Beauty,5,29.75,1800.62,No,0.0,5,Winter,165.97
SALE00114,2023-02-08,Home & Garden,29,69.31,4373.05,No,0.0,27,Winter,2430.89
SALE00115,2023-02-09,Home & Garden,33,55.67,2430.89,No,0.0,26,Winter,2123.93
SALE00116,2023-02-09,Apparel,31,44.58,1980.37,No,0.0,31,Winter,1665.26
SALE00117,2023-02-10,Grocery,44,17.57,882.4,Yes,0.3,42,Winter,1215.24
SALE00118,2023-02-10,Apparel,24,38.77,1665.26,No,0.0,25,Winter,1012.09
SALE00119,2023-02-11,Beauty,35,34.06,165.97,No,0.0,24,Winter,1386.13
SALE00120,2023-02-11,Home & Garden,29,68.2,2123.93,No,0.0,24,Winter,2360.36
SALE00121,2023-02-12,Electronics,35,220.31,6916.63,No,0.0,27,Winter,9824.22
SALE00122,2023-02-12,Home & Garden,35,,2360.36,No,0.0,26,Winter,3487.07
SALE00123,2023-02-13,Grocery,81,12.76,1215.24,No,0.0,51,Winter,1077.52
SALE00124,2023-02-13,Sports,43,64.31,2280.78,No,0.0,36,Winter,3165.19
SALE00125,2023-02-13,Apparel,35,44.02,1012.09,Yes,0.21,25,Winter,2371.03
SALE00126,2023-02-14,Apparel,40,52.0,2371.03,No,0.0,41,Winter,2100.74
SALE00127,2023-02-14,Beauty,12,28.22,1386.13,Yes,0.2,9,Winter,503.07
SALE00128,2023-02-14,Grocery,32,12.94,1077.52,No,0.0,27,Winter,454.27
SALE00129,2023-02-15,Sports,58,56.96,3165.19,No,0.0,38,Winter,3724.63
SALE00130,2023-02-15,Grocery,38,14.99,454.27,Yes,0.27,27,Winter,873.57
SALE00131,2023-02-15,Apparel,19,43.43,2100.74,No,0.0,20,Winter,985.78
SALE00132,2023-02-15,Electronics,45,204.12,9824.22,No,0.0,31,Winter,10447.3
SALE00133,2023-02-16,Electronics,49,214.22,10447.3,No,0.0,36,Winter,12650.54
SALE00134,2023-02-16,Sports,53,52.82,3724.63,Yes,0.13,48,Winter,3561.69
SALE00135,2023-02-16,Apparel,27,42.96,985.78,No,0.0,18,Winter,1359.51
SALE00136,2023-02-16,Grocery,36,16.92,873.57,No,0.0,33,Winter,709.37
SALE00137,2023-02-17,Sports,42,58.72,3561.69,Yes,0.27,35,Winter,4026.43
SALE00138,2023-02-17,Electronics,41,256.38,12650.54,Yes,0.25,41,Winter,18023.99
SALE00139,2023-02-17,Grocery,42,14.56,709.37,No,0.0,38,Winter,748.58
SALE00140,2023-02-17,Beauty,27,27.36,503.07,No,0.0,21,Winter,859.4
SALE00141,2023-02-18,Sports,47,55.11,4026.43,No,0.0,43,Winter,3294.98
SALE00142,2023-02-18,Home & Garden,38,73.53,3487.07,No,0.0,36,Winter,3606.55
SALE00143,2023-02-18,Electronics,14,211.01,18023.99,No,0.0,14,Winter,3688.68
SALE00144,2023-02-19,Sports,43,53.44,3294.98,No,0.0,28,Winter,2860.2
SALE00145,2023-02-19,Electronics,57,196.96,3688.68,No,0.0,37,Winter,14249.91
SALE00146,2023-02-19,Apparel,29,53.63,1359.51,No,0.0,23,Winter,1909.66
SALE00147,2023-02-19,Grocery,52,17.23,748.58,No,0.0,43,Winter,1109.14
SALE00148,2023-02-20,Apparel,46,45.03,1909.66,No,0.0,42,Winter,2208.34
SALE00149,2023-02-20,Sports,18,58.63,2860.2,No,0.0,17,Winter,1292.79
SALE00150,2023-02-20,Grocery,34,15.09,1109.14,No,0.0,28,Winter,620.8
SALE00151,2023-02-21,Beauty,29,27.64,859.4,Yes,0.05,31,Winter,935.02
SALE00152,2023-02-21,Electronics,19,194.53,14249.91,No,0.0,16,Winter,4218.5
SALE00153,2023-02-21,Home & Garden,44,60.14,3606.55,No,0.0,34,Winter,3024.44
SALE00154,2023-02-22,Sports,20,65.87,1292.79,No,0.0,17,Winter,1580.09
SALE00155,2023-02-22,Electronics,34,248.57,4218.5,Yes,0.11,22,Winter,10651.03
SALE00156,2023-02-23,Beauty,72,33.38,935.02,Yes,0.11,63,Winter,2893.78
SALE00157,2023-02-23,Sports,57,55.53,1580.09,No,0.0,53,Winter,3529.03
SALE00158,2023-02-23,Electronics,31,190.39,10651.03,No,0.0,,Winter,7145.05
SALE00159,2023-02-24,Home & Garden,20,61.84,3024.44,No,0.0,19,Winter,1466.07
SALE00160,2023-02-24,Grocery,25,14.8,620.8,No,0.0,19,Winter,421.87
SALE00161,2023-02-25,Sports,28,58.32,3529.03,No,0.0,29,Winter,2079.05
SALE00162,2023-02-25,Home & Garden,79,57.06,1466.07,Yes,0.05,79,Winter,5721.9
SALE00163,2023-02-25,Electronics,71,237.43,7145.05,No,0.0,57,Winter,23077.97
SALE00164,2023-02-26,Beauty,29,31.45,2893.78,No,0.0,25,Winter,1076.54
SALE00165,2023-02-26,Electronics,60,204.04,23077.97,No,0.0,58,Winter,15398.35
SALE00166,2023-02-27,Grocery,52,15.62,421.87,No,0.0,47,Winter,859.7
SALE00167,2023-02-27,Sports,78,,2079.05,No,0.0,49,Winter,4247.4
SALE00168,2023-02-27,Apparel,33,50.11,2208.34,No,0.0,21,Winter,1887.16
SALE00169,2023-02-27,Electronics,33,227.14,15398.35,No,0.0,,Winter,9085.59
SALE00170,2023-02-28,Sports,61,55.58,4247.4,Yes,0.26,62,Winter,5864.66
SALE00171,2023-02-28,Beauty,33,34.9,1076.54,No,0.0,25,Winter,1369.0
SALE00172,2023-02-28,Grocery,28,17.43,859.7,No,0.0,19,Winter,527.88
SALE00173,2023-03-01,Sports,33,56.77,5864.66,No,0.0,26,Spring,2054.98
SALE00174,2023-03-01,Home & Garden,38,63.76,5721.9,No,0.0,33,Spring,2307.25
SALE00175,2023-03-02,Sports,17,55.82,2054.98,No,0.0,13,Spring,957.8
SALE00176,2023-03-02,Apparel,22,43.05,1887.16,No,0.0,22,Spring,1026.73
SALE00177,2023-03-02,Electronics,42,195.03,9085.59,Yes,0.06,34,Spring,10039.38
SALE00178,2023-03-02,Home & Garden,35,61.35,2307.25,No,0.0,27,Spring,2042.2
SALE00179,2023-03-03,Beauty,46,28.49,1369.0,No,0.0,38,Spring,1216.35
SALE00180,2023-03-03,Electronics,53,197.57,10039.38,No,0.0,39,Spring,11176.89
SALE00181,2023-03-04,Sports,26,58.69,957.8,No,0.0,26,Spring,1743.16
SALE00182,2023-03-04,Apparel,18,51.86,1026.73,Yes,0.27,11,Spring,1545.27
SALE00183,2023-03-04,Beauty,42,27.27,1216.35,Yes,0.1,36,Spring,1637.61
SALE00184,2023-03-04,Grocery,19,15.4,527.88,No,0.0,20,Spring,351.69
SALE00185,2023-03-05,Grocery,43,16.32,351.69,Yes,0.12,41,Spring,949.97
SALE00186,2023-03-05,Beauty,43,34.54,1637.61,No,0.0,42,Spring,1697.79
SALE00187,2023-03-05,Sports,48,49.17,1743.16,No,0.0,52,Spring,3017.1
SALE00188,2023-03-06,Grocery,29,17.03,949.97,Yes,0.2,17,Spring,688.74
SALE00189,2023-03-06,Beauty,15,29.1,1697.79,No,0.0,15,Spring,466.41
SALE00190,2023-03-07,Electronics,14,200.88,11176.89,No,0.0,13,Spring,2833.49
SALE00191,2023-03-07,Apparel,26,50.76,1545.27,Yes,0.15,26,Spring,1618.87
SALE00192,2023-03-07,Grocery,44,15.25,688.74,No,0.0,46,Spring,730.79
SALE00193,2023-03-07,Sports,13,49.25,3017.1,Yes,0.13,8,Spring,780.75
SALE00194,2023-03-08,Apparel,33,49.31,1618.87,Yes,0.19,30,Spring,1957.98
SALE00195,2023-03-08,Grocery,29,13.6,730.79,No,0.0,30,Spring,393.64
SALE00196,2023-03-08,Sports,28,57.42,780.75,Yes,0.13,30,Spring,1885.93
SALE00197,2023-03-08,Home & Garden,27,71.91,2042.2,No,0.0,17,Spring,2095.92
SALE00198,2023-03-09,Home & Garden,10,64.56,2095.92,Yes,0.27,6,Spring,955.02
SALE00199,2023-03-09,Apparel,1,49.71,1957.98,No,0.0,5,Spring,54.88
SALE00200,2023-03-09,Sports,44,55.04,1885.93,No,0.0,42,Spring,2569.59
SALE00201,2023-03-09,Grocery,40,14.0,393.64,No,0.0,,Spring,543.49
SALE00202,2023-03-10,Apparel,15,50.97,54.88,No,0.0,14,Spring,772.39
SALE00203,2023-03-10,Electronics,35,199.34,2833.49,No,0.0,30,Spring,6632.86
SALE00204,2023-03-10,Beauty,42,30.3,466.41,No,0.0,34,Spring,1350.76
SALE00205,2023-03-10,Home & Garden,35,73.36,955.02,Yes,0.12,26,Spring,3182.71
SALE00206,2023-03-11,Grocery,39,17.98,543.49,No,0.0,26,Spring,854.66
SALE00207,2023-03-11,Sports,51,58.95,2569.59,No,0.0,34,Spring,3763.83
SALE00208,2023-03-12,Electronics,26,239.51,6632.86,Yes,0.13,27,Spring,8661.69
SALE00209,2023-03-12,Sports,34,51.99,3763.83,Yes,0.1,29,Spring,2233.95
SALE00210,2023-03-12,Home & Garden,15,65.89,3182.71,No,0.0,13,Spring,1246.92
SALE00211,2023-03-12,Apparel,30,45.42,772.39,Yes,0.28,25,Spring,2129.32
SALE00212,2023-03-13,Grocery,38,17.33,854.66,Yes,0.23,25,Spring,868.56
SALE00213,2023-03-13,Sports,46,54.93,2233.95,Yes,0.07,40,Spring,2992.0
SALE00214,2023-03-13,Beauty,53,28.32,1350.76,No,0.0,49,Spring,1680.03
SALE00215,2023-03-14,Sports,51,54.71,2992.0,No,0.0,39,Spring,2648.95
SALE00216,2023-03-14,Beauty,51,34.22,1680.03,No,0.0,46,Spring,1864.47
SALE00217,2023-03-15,Beauty,64,32.18,1864.47,Yes,0.2,40,Spring,2664.21
SALE00218,2023-03-15,Sports,39,61.43,2648.95,No,0.0,37,Spring,2636.69
SALE00219,2023-03-16,Electronics,44,209.46,8661.69,Yes,0.19,40,Spring,12364.9
SALE00220,2023-03-16,Sports,58,54.28,2636.69,No,0.0,43,Spring,3425.57
SALE00221,2023-03-17,Grocery,31,14.2,868.56,No,0.0,24,Spring,480.14
SALE00222,2023-03-17,Apparel,49,46.6,2129.32,No,0.0,46,Spring,2303.16
SALE00223,2023-03-18,Electronics,61,207.46,12364.9,No,0.0,54,Spring,14538.43
SALE00224,2023-03-18,Home & Garden,33,74.7,1246.92,No,0.0,27,Spring,2929.87
SALE00225,2023-03-19,Beauty,22,31.49,2664.21,No,0.0,18,Spring,740.28
SALE00226,2023-03-19,Electronics,1,254.91,14538.43,Yes,0.12,5,Spring,348.83
SALE00227,2023-03-20,Electronics,26,199.23,348.83,No,0.0,22,Spring,5044.77
SALE00228,2023-03-20,Home & Garden,32,65.06,2929.87,No,0.0,25,Spring,1925.09
SALE00229,2023-03-20,Sports,60,57.93,3425.57,Yes,0.26,38,Spring,4782.49
SALE00230,2023-03-20,Beauty,34,35.5,740.28,No,0.0,30,Spring,1173.22
SALE00231,2023-03-21,Sports,47,47.45,4782.49,No,0.0,39,Spring,2301.58
SALE00232,2023-03-21,Home & Garden,89,61.75,1925.09,No,0.0,63,Spring,5474.43
SALE00233,2023-03-21,Apparel,28,50.7,2303.16,No,0.0,28,Spring,1421.3
SALE00234,2023-03-21,Grocery,36,12.81,480.14,No,0.0,31,Spring,438.63
SALE00235,2023-03-22,Grocery,65,13.13,438.63,Yes,0.07,54,Spring,880.16
SALE00236,2023-03-22,Sports,15,50.78,2301.58,No,0.0,10,Spring,805.3
SALE00237,2023-03-22,Apparel,82,49.03,1421.3,Yes,0.22,62,Spring,5469.52
SALE00238,2023-03-23,Sports,17,48.71,805.3,No,0.0,14,Spring,768.25
SALE00239,2023-03-23,Apparel,43,44.4,5469.52,Yes,0.25,28,Spring,2876.28
SALE00240,2023-03-23,Grocery,45,16.8,880.16,No,0.0,35,Spring,847.26
SALE00241,2023-03-23,Beauty,42,34.2,1173.22,No,0.0,29,Spring,1387.62
SALE00242,2023-03-24,Grocery,43,13.23,847.26,No,0.0,43,Spring,609.46
SALE00243,2023-03-24,Apparel,37,46.8,2876.28,No,0.0,26,Spring,1828.81
SALE00244,2023-03-24,Beauty,38,28.85,1387.62,No,0.0,24,Spring,1190.98
SALE00245,2023-03-25,Apparel,19,40.33,1828.81,No,0.0,11,Spring,825.04
SALE00246,2023-03-25,Sports,32,47.1,768.25,No,0.0,34,Spring,1741.4
SALE00247,2023-03-25,Home & Garden,50,56.0,5474.43,Yes,0.28,54,Spring,4384.57
SALE00248,2023-03-25,Beauty,30,30.63,1190.98,No,0.0,31,Spring,1046.28
SALE00249,2023-03-26,Home & Garden,27,71.64,4384.57,No,0.0,22,Spring,2190.62
SALE00250,2023-03-26,Electronics,43,188.55,5044.77,Yes,0.18,40,Spring,12529.75
SALE00251,2023-03-26,Apparel,41,52.62,825.04,No,0.0,41,Spring,2430.15
SALE00252,2023-03-26,Beauty,22,30.81,1046.28,Yes,0.18,23,Spring,1103.6
SALE00253,2023-03-27,Apparel,20,51.21,2430.15,No,0.0,21,Spring,1007.92
SALE00254,2023-03-27,Electronics,34,239.89,12529.75,No,0.0,21,Spring,8853.2
SALE00255,2023-03-27,Home & Garden,49,63.27,2190.62,No,0.0,43,Spring,3281.58
SALE00256,2023-03-28,Grocery,10,16.48,609.46,Yes,0.23,8,Spring,213.2
SALE00257,2023-03-28,Electronics,46,245.71,8853.2,No,0.0,28,Spring,10714.72
SALE00258,2023-03-28,Home & Garden,30,60.41,3281.58,Yes,0.27,20,Spring,2856.42
SALE00259,2023-03-29,Sports,63,51.52,1741.4,Yes,0.27,63,Spring,4950.29
SALE00260,2023-03-29,Electronics,68,235.23,10714.72,Yes,0.14,53,Spring,18300.2
SALE00261,2023-03-29,Apparel,55,39.75,1007.92,No,0.0,59,Spring,2041.17
SALE00262,2023-03-29,Grocery,59,17.11,213.2,Yes,0.16,47,Spring,1377.73
SALE00263,2023-03-30,Beauty,46,32.37,1103.6,Yes,0.24,32,Spring,2142.55
SALE00264,2023-03-30,Sports,37,59.05,4950.29,No,0.0,33,Spring,2435.49
SALE00265,2023-03-31,Beauty,16,25.53,2142.55,No,0.0,13,Spring,420.05
SALE00266,2023-03-31,Home & Garden,29,63.72,2856.42,No,0.0,21,Spring,1736.02
SALE00267,2023-03-31,Grocery,57,14.88,1377.73,No,0.0,45,Spring,814.26
SALE00268,2023-03-31,Apparel,59,51.42,2041.17,No,0.0,46,Spring,3320.63
SALE00269,2023-04-01,Apparel,52,49.46,3320.63,No,0.0,46,Spring,2771.44
SALE00270,2023-04-01,Electronics,25,245.73,18300.2,No,0.0,21,Spring,7465.86
SALE00271,2023-04-01,Beauty,62,26.97,420.05,Yes,0.05,,Spring,2188.69
SALE00272,2023-04-01,Grocery,43,12.92,814.26,Yes,0.19,43,Spring,848.37
SALE00273,2023-04-02,Apparel,37,47.04,2771.44,Yes,0.22,32,Spring,3040.52
SALE00274,2023-04-02,Electronics,50,236.48,7465.86,No,0.0,37,Spring,14029.36
SALE00275,2023-04-03,Electronics,42,222.98,14029.36,No,0.0,39,Spring,9702.58
SALE00276,2023-04-03,Home & Garden,44,61.56,1736.02,Yes,0.17,32,Spring,3299.25
SALE00277,2023-04-03,Sports,42,47.18,2435.49,No,0.0,29,Spring,2078.64
SALE00278,2023-04-03,Beauty,22,26.03,2188.69,No,0.0,18,Spring,531.62
SALE00279,2023-04-04,Beauty,15,30.27,531.62,Yes,0.24,16,Spring,658.97
SALE00280,2023-04-04,Home & Garden,28,64.66,3299.25,No,0.0,28,Spring,1818.41
SALE00281,2023-04-04,Sports,62,63.54,2078.64,No,0.0,41,Spring,3978.94
SALE00282,2023-04-04,Electronics,38,223.7,9702.58,Yes,0.28,27,Spring,12530.83
SALE00283,2023-04-05,Beauty,54,29.24,658.97,No,0.0,46,Spring,1689.16
SALE00284,2023-04-05,Grocery,66,16.9,848.37,No,0.0,46,Spring,1167.11
SALE00285,2023-04-06,Beauty,31,30.71,1689.16,No,0.0,21,Spring,901.66
SALE00286,2023-04-06,Electronics,33,218.09,12530.83,No,0.0,22,Spring,7075.46
SALE00287,2023-04-06,Apparel,43,51.95,3040.52,No,0.0,45,Spring,2071.54
SALE00288,2023-04-07,Apparel,33,45.72,2071.54,Yes,0.26,32,Spring,1984.01
SALE00289,2023-04-07,Electronics,31,228.69,7075.46,Yes,0.16,32,Spring,9083.31
SALE00290,2023-04-07,Sports,35,50.23,3978.94,No,0.0,34,Spring,1984.14
SALE00291,2023-04-08,Apparel,39,46.94,1984.01,Yes,0.09,33,Spring,2557.69
SALE00292,2023-04-08,Home & Garden,61,76.61,1818.41,No,0.0,48,Spring,5428.62
SALE00293,2023-04-09,Grocery,37,13.79,1167.11,No,0.0,36,Spring,637.24
SALE00294,2023-04-09,Electronics,44,218.08,9083.31,No,0.0,34,Spring,11968.5
SALE00295,2023-04-09,Home & Garden,14,56.02,5428.62,Yes,0.06,10,Spring,984.51
SALE00296,2023-04-09,Apparel,33,45.79,2557.69,Yes,0.22,23,Spring,2185.32
SALE00297,2023-04-10,Sports,22,57.97,1984.14,No,0.0,13,Spring,1183.7
SALE00298,2023-04-10,Home & Garden,41,73.2,984.51,No,0.0,28,Spring,3020.28
SALE00299,2023-04-10,Electronics,70,242.15,11968.5,Yes,0.1,42,Spring,22011.88
SALE00300,2023-04-10,Grocery,58,16.67,637.24,No,0.0,47,Spring,896.91
SALE00301,2023-04-11,Sports,44,55.47,1183.7,No,0.0,47,Spring,2460.31
SALE00302,2023-04-11,Home & Garden,32,66.18,3020.28,No,0.0,20,Spring,2162.0
SALE00303,2023-04-11,Beauty,36,34.47,901.66,No,0.0,21,Spring,1327.53
SALE00304,2023-04-11,Grocery,52,16.14,896.91,No,0.0,47,Spring,815.93
SALE00305,2023-04-12,Apparel,48,51.76,2185.32,No,0.0,46,Spring,2758.76
SALE00306,2023-04-12,Beauty,15,30.36,1327.53,No,0.0,13,Spring,497.69
SALE00307,2023-04-12,Sports,51,64.7,2460.31,No,0.0,53,Spring,3457.2
SALE00308,2023-04-13,Apparel,26,41.66,2758.76,Yes,0.17,27,Spring,1446.74
SALE00309,2023-04-13,Electronics,41,262.12,22011.88,No,0.0,31,Spring,10164.56
SALE00310,2023-04-13,Beauty,43,34.0,497.69,Yes,0.09,32,Spring,1793.02
SALE00311,2023-04-13,Sports,5,52.32,3457.2,No,0.0,5,Spring,254.84
SALE00312,2023-04-14,Grocery,39,15.74,815.93,No,0.0,38,Spring,625.19
SALE00313,2023-04-14,Beauty,24,26.79,1793.02,No,0.0,24,Spring,622.22
SALE00314,2023-04-14,Sports,41,53.67,254.84,No,0.0,37,Spring,2054.86
SALE00315,2023-04-14,Electronics,33,199.16,10164.56,Yes,0.17,22,Spring,8536.37
SALE00316,2023-04-15,Grocery,22,13.87,625.19,No,0.0,23,Spring,329.31
SALE00317,2023-04-15,Home & Garden,38,72.88,2162.0,No,0.0,30,Spring,3501.34
SALE00318,2023-04-16,Grocery,57,12.93,329.31,No,0.0,61,Spring,869.1
SALE00319,2023-04-16,Electronics,37,229.69,8536.37,No,0.0,29,Spring,9330.49
SALE00320,2023-04-17,Grocery,21,14.73,869.1,No,0.0,12,Spring,296.7
SALE00321,2023-04-17,Electronics,51,259.93,9330.49,No,0.0,43,Spring,14536.53
SALE00322,2023-04-18,Home & Garden,20,71.32,3501.34,Yes,0.19,21,Spring,2095.43
SALE00323,2023-04-18,Electronics,32,211.33,14536.53,Yes,0.07,20,Spring,7316.74
SALE00324,2023-04-19,Home & Garden,49,65.59,2095.43,No,0.0,46,Spring,3552.08
SALE00325,2023-04-19,Beauty,23,33.14,622.22,Yes,0.22,19,Spring,988.86
SALE00326,2023-04-19,Sports,46,58.82,2054.86,Yes,0.2,44,Spring,3478.1
SALE00327,2023-04-20,Sports,33,61.4,3478.1,No,0.0,26,Spring,2281.24
SALE00328,2023-04-20,Home & Garden,46,68.58,3552.08,Yes,0.17,42,Spring,3817.14
SALE00329,2023-04-20,Beauty,50,27.76,988.86,No,0.0,37,Spring,1438.64
SALE00330,2023-04-20,Grocery,40,17.57,296.7,No,0.0,39,Spring,716.44
SALE00331,2023-04-21,Apparel,49,51.66,1446.74,Yes,0.1,45,Spring,3121.17
SALE00332,2023-04-21,Home & Garden,48,59.17,3817.14,No,0.0,33,Spring,2737.01
SALE00333,2023-04-22,Electronics,64,248.41,7316.74,No,0.0,70,Spring,17756.19
SALE00334,2023-04-22,Beauty,50,29.22,1438.64,No,0.0,35,Spring,1856.78
SALE00335,2023-04-22,Sports,39,51.59,2281.24,No,0.0,36,Spring,2510.4
SALE00336,2023-04-23,Home & Garden,42,69.88,2737.01,No,0.0,36,Spring,3293.95
SALE00337,2023-04-23,Beauty,36,25.51,1856.78,No,0.0,30,Spring,1146.87
SALE00338,2023-04-24,Grocery,43,17.42,716.44,Yes,0.14,41,Spring,876.5
SALE00339,2023-04-24,Electronics,56,248.03,17756.19,Yes,0.23,53,Spring,19777.99
SALE00340,2023-04-24,Beauty,44,29.11,1146.87,No,0.0,34,Spring,1427.48
SALE00341,2023-04-24,Sports,36,56.96,2510.4,No,0.0,34,Spring,2112.01
SALE00342,2023-04-25,Apparel,54,43.55,3121.17,Yes,0.14,57,Spring,3008.94
SALE00343,2023-04-25,Beauty,51,31.08,1427.48,Yes,0.08,36,Spring,1788.23
SALE00344,2023-04-26,Beauty,54,26.42,1788.23,Yes,0.07,49,Spring,1575.03
SALE00345,2023-04-26,Electronics,37,229.95,19777.99,No,0.0,23,Spring,8994.83
SALE00346,2023-04-26,Apparel,37,52.63,3008.94,No,0.0,38,Spring,1911.16
SALE00347,2023-04-27,Grocery,49,13.3,876.5,No,0.0,46,Spring,619.64
SALE00348,2023-04-27,Beauty,50,34.43,1575.03,Yes,0.19,43,Spring,2206.84
SALE00349,2023-04-27,Home & Garden,41,76.59,3293.95,No,0.0,33,Spring,3029.81
SALE00350,2023-04-27,Electronics,72,191.32,8994.83,Yes,0.12,56,Spring,18611.33
SALE00351,2023-04-28,Beauty,44,29.0,2206.84,Yes,0.27,38,Spring,1868.8
SALE00352,2023-04-28,Electronics,50,213.9,18611.33,Yes,0.09,50,Spring,13125.15
SALE00353,2023-04-28,Home & Garden,61,69.32,3029.81,No,0.0,55,Spring,4392.36
SALE00354,2023-04-28,Sports,42,54.66,2112.01,Yes,0.21,38,Spring,3450.5
SALE00355,2023-04-29,Electronics,48,236.67,13125.15,No,0.0,,Spring,12744.29
SALE00356,2023-04-29,Grocery,23,13.61,619.64,Yes,0.08,24,Spring,452.21
SALE00357,2023-04-30,Electronics,4,189.95,12744.29,Yes,0.11,5,Spring,1037.55
SALE00358,2023-04-30,Beauty,36,31.47,1868.8,Yes,0.15,25,Spring,1688.11
SALE00359,2023-04-30,Home & Garden,34,75.06,4392.36,Yes,0.17,31,Spring,3752.26
SALE00360,2023-05-01,Apparel,24,39.66,1911.16,No,0.0,15,Spring,895.77
SALE00361,2023-05-01,Beauty,43,28.71,1688.11,No,0.0,44,Spring,1216.32
SALE00362,2023-05-01,Electronics,47,188.54,1037.55,No,0.0,30,Spring,8354.63
SALE00363,2023-05-01,Sports,79,49.41,3450.5,No,0.0,69,Spring,3813.91
SALE00364,2023-05-02,Home & Garden,22,74.19,3752.26,No,0.0,15,Spring,1811.36
SALE00365,2023-05-02,Apparel,42,48.01,895.77,No,0.0,39,Spring,2054.21
SALE00366,2023-05-02,Electronics,16,210.33,8354.63,Yes,0.2,12,Spring,4416.69
SALE00367,2023-05-02,Grocery,1,16.42,452.21,Yes,0.25,5,Spring,22.38
SALE00368,2023-05-03,Apparel,64,51.92,2054.21,No,0.0,39,Spring,3506.34
SALE00369,2023-05-03,Sports,52,60.82,3813.91,Yes,0.12,52,Spring,4161.44
SALE00370,2023-05-04,Beauty,42,27.56,1216.32,No,0.0,40,Spring,1253.44
SALE00371,2023-05-04,Home & Garden,32,71.84,1811.36,Yes,0.28,28,Spring,3681.97
SALE00372,2023-05-04,Apparel,29,40.68,3506.34,No,0.0,29,Spring,1118.5
SALE00373,2023-05-04,Electronics,4,201.14,4416.69,Yes,0.18,5,Spring,1127.08
SALE00374,2023-05-05,Home & Garden,24,63.35,3681.97,Yes,0.23,20,Spring,2073.93
SALE00375,2023-05-05,Grocery,30,17.84,22.38,Yes,0.12,20,Spring,620.24
SALE00376,2023-05-05,Sports,30,52.9,4161.44,Yes,0.23,31,Spring,2339.06
SALE00377,2023-05-05,Electronics,38,195.85,1127.08,No,0.0,35,Spring,7745.69
SALE00378,2023-05-06,Home & Garden,47,71.06,2073.93,No,0.0,47,Spring,3947.42
SALE00379,2023-05-06,Beauty,12,34.39,1253.44,Yes,0.29,7,Spring,790.41
SALE00380,2023-05-06,Apparel,49,42.92,1118.5,Yes,0.16,35,Spring,2940.1
SALE00381,2023-05-07,Sports,61,56.94,2339.06,Yes,0.08,61,Spring,4247.43
SALE00382,2023-05-07,Electronics,51,248.93,7745.69,No,0.0,34,Spring,15131.91
SALE00383,2023-05-07,Beauty,21,34.58,790.41,No,0.0,16,Spring,801.88
SALE00384,2023-05-08,Apparel,41,53.41,2940.1,No,0.0,33,Spring,2449.13
SALE00385,2023-05-08,Grocery,37,16.47,620.24,No,0.0,29,Spring,690.32
SALE00386,2023-05-09,Sports,47,47.17,4247.43,No,0.0,40,Spring,2454.42
SALE00387,2023-05-09,Beauty,30,28.33,801.88,No,0.0,29,Spring,890.03
SALE00388,2023-05-09,Apparel,25,47.15,2449.13,No,0.0,24,Spring,1329.9
SALE00389,2023-05-10,Sports,52,54.05,2454.42,No,0.0,49,Spring,3107.65
SALE00390,2023-05-10,Electronics,49,227.84,15131.91,No,0.0,40,Spring,12662.64
SALE00391,2023-05-10,Grocery,56,15.7,690.32,No,0.0,43,Spring,964.27
SALE00392,2023-05-10,Apparel,27,53.93,1329.9,No,0.0,19,Spring,1520.61
SALE00393,2023-05-11,Sports,33,57.26,3107.65,Yes,0.19,24,Spring,2539.18
SALE00394,2023-05-11,Home & Garden,32,61.13,3947.42,Yes,0.3,34,Spring,2901.15
SALE00395,2023-05-11,Beauty,36,35.64,890.03,No,0.0,22,Spring,1434.14
SALE00396,2023-05-11,Apparel,27,45.73,1520.61,No,0.0,21,Spring,1246.76
SALE00397,2023-05-12,Beauty,23,29.35,1434.14,No,0.0,20,Spring,742.28
SALE00398,2023-05-12,Sports,13,52.32,2539.18,Yes,0.16,8,Spring,833.71
SALE00399,2023-05-12,Grocery,36,12.92,964.27,No,0.0,25,Spring,439.81
SALE00400,2023-05-12,Electronics,44,198.97,12662.64,No,0.0,36,Spring,9546.86
SALE00401,2023-05-13,Electronics,79,237.38,9546.86,No,0.0,67,Spring,20508.83
SALE00402,2023-05-13,Sports,36,57.49,833.71,No,0.0,38,Spring,2660.21
SALE00403,2023-05-13,Apparel,47,46.56,1246.76,Yes,0.05,44,Spring,2709.9
SALE00404,2023-05-13,Grocery,10,15.24,439.81,Yes,0.24,9,Spring,253.56
SALE00405,2023-05-14,Home & Garden,39,71.56,2901.15,No,0.0,31,Spring,3064.08
SALE00406,2023-05-14,Grocery,56,14.22,253.56,No,0.0,57,Spring,974.36
SALE00407,2023-05-14,Electronics,60,193.37,20508.83,No,0.0,65,Spring,14566.96
SALE00408,2023-05-15,Electronics,27,194.56,14566.96,Yes,0.05,,Spring,5381.48
SALE00409,2023-05-15,Apparel,56,43.84,2709.9,No,0.0,47,Spring,2554.04
SALE00410,2023-05-15,Sports,34,55.02,2660.21,No,0.0,31,Spring,1856.57
SALE00411,2023-05-16,Apparel,45,42.48,2554.04,Yes,0.3,42,Spring,2998.26
SALE00412,2023-05-16,Sports,79,51.4,1856.57,Yes,0.29,70,Spring,6509.46
SALE00413,2023-05-16,Beauty,56,26.08,742.28,No,0.0,36,Spring,1605.72
SALE00414,2023-05-16,Home & Garden,24,76.67,3064.08,No,0.0,18,Spring,2028.9
SALE00415,2023-05-17,Home & Garden,20,69.73,2028.9,Yes,0.13,15,Spring,1908.25
SALE00416,2023-05-17,Beauty,27,33.71,1605.72,No,0.0,18,Spring,874.12
SALE00417,2023-05-18,Apparel,55,53.64,2998.26,Yes,0.27,52,Spring,4828.72
SALE00418,2023-05-18,Sports,24,53.64,6509.46,No,0.0,14,Spring,1457.85
SALE00419,2023-05-18,Home & Garden,41,68.51,1908.25,Yes,0.15,30,Spring,3533.16
SALE00420,2023-05-18,Grocery,30,16.03,974.36,No,0.0,20,Spring,476.6
SALE00421,2023-05-19,Beauty,38,33.18,874.12,No,0.0,40,Spring,1342.39
SALE00422,2023-05-19,Home & Garden,33,64.15,3533.16,No,0.0,29,Spring,2383.61
SALE00423,2023-05-19,Grocery,20,16.05,476.6,No,0.0,16,Spring,301.19
SALE00424,2023-05-19,Sports,28,48.21,1457.85,No,0.0,22,Spring,1264.29
SALE00425,2023-05-20,Sports,32,54.04,1264.29,Yes,0.15,25,Spring,2736.99
SALE00426,2023-05-20,Apparel,58,46.83,4828.72,No,0.0,43,Spring,3557.16
SALE00427,2023-05-20,Home & Garden,48,60.83,2383.61,No,0.0,29,Spring,3731.03
SALE00428,2023-05-21,Apparel,70,52.29,3557.16,No,0.0,64,Spring,4026.97
SALE00429,2023-05-21,Grocery,15,17.07,301.19,No,0.0,9,Spring,323.92
SALE00430,2023-05-22,Sports,32,61.02,2736.99,No,0.0,29,Spring,1966.29
SALE00431,2023-05-22,Beauty,24,35.43,1342.39,Yes,0.26,21,Spring,1224.01
SALE00432,2023-05-23,Electronics,16,192.75,5381.48,No,0.0,17,Spring,3207.47
SALE00433,2023-05-23,Apparel,34,41.55,4026.97,No,0.0,28,Spring,1595.74
SALE00434,2023-05-23,Sports,23,62.1,1966.29,No,0.0,19,Spring,1350.0
SALE00435,2023-05-24,Home & Garden,17,70.27,3731.03,Yes,0.06,11,Spring,1492.49
SALE00436,2023-05-24,Apparel,65,52.45,1595.74,No,0.0,39,Spring,3522.59
SALE00437,2023-05-24,Sports,45,51.56,1350.0,Yes,0.06,29,Spring,2842.28
SALE00438,2023-05-24,Beauty,35,35.77,1224.01,Yes,0.11,21,Spring,1499.13
SALE00439,2023-05-25,Beauty,17,26.43,1499.13,No,0.0,13,Spring,450.47
SALE00440,2023-05-25,Home & Garden,39,62.65,1492.49,Yes,0.1,34,Spring,2862.15
SALE00441,2023-05-25,Grocery,27,14.11,323.92,Yes,0.05,21,Spring,436.02
SALE00442,2023-05-25,Apparel,29,48.56,3522.59,Yes,0.15,22,Spring,1850.28
SALE00443,2023-05-26,Electronics,40,223.44,3207.47,Yes,0.24,26,Spring,13780.84
SALE00444,2023-05-26,Beauty,15,27.62,450.47,No,0.0,12,Spring,441.33
SALE00445,2023-05-27,Sports,15,65.1,2842.28,Yes,0.28,11,Spring,1767.25
SALE00446,2023-05-27,Electronics,38,199.09,13780.84,No,0.0,30,Spring,9907.57
SALE00447,2023-05-28,Electronics,68,205.66,9907.57,No,0.0,49,Spring,18412.83
SALE00448,2023-05-28,Home & Garden,44,63.64,2862.15,Yes,0.05,31,Spring,3903.65
SALE00449,2023-05-28,Sports,57,62.32,1767.25,No,0.0,37,Spring,4549.27
SALE00450,2023-05-29,Grocery,46,17.12,436.02,Yes,0.09,28,Spring,869.39
SALE00451,2023-05-29,Home & Garden,38,59.94,3903.65,Yes,0.07,26,Spring,2632.78
SALE00452,2023-05-30,Apparel,37,48.13,1850.28,No,0.0,35,Spring,1748.64
SALE00453,2023-05-30,Grocery,26,15.77,869.39,No,0.0,27,Spring,393.35
SALE00454,2023-05-31,Apparel,47,48.02,1748.64,No,0.0,36,Spring,2490.29
SALE00455,2023-05-31,Grocery,18,15.93,393.35,No,0.0,14,Spring,282.32
SALE00456,2023-05-31,Sports,29,62.55,4549.27,No,0.0,24,Spring,1774.31
SALE00457,2023-06-01,Beauty,33,34.1,441.33,No,0.0,33,Summer,1318.05
SALE00458,2023-06-01,Apparel,52,39.63,2490.29,No,0.0,51,Summer,2196.12
SALE00459,2023-06-01,Electronics,38,214.38,18412.83,No,0.0,26,Summer,9784.18
SALE00460,2023-06-02,Electronics,44,258.74,9784.18,Yes,0.05,28,Summer,12798.77
SALE00461,2023-06-02,Apparel,30,41.62,2196.12,No,0.0,18,Summer,1483.34
SALE00462,2023-06-02,Sports,21,61.43,1774.31,No,0.0,16,Summer,1479.74
SALE00463,2023-06-03,Sports,33,58.68,1479.74,No,0.0,20,Summer,2534.34
SALE00464,2023-06-03,Grocery,20,15.79,282.32,No,0.0,20,Summer,410.15
SALE00465,2023-06-03,Home & Garden,36,67.69,2632.78,Yes,0.27,26,Summer,4355.54
SALE00466,2023-06-04,Sports,46,64.45,2534.34,No,0.0,37,Summer,3450.96
SALE00467,2023-06-04,Home & Garden,43,67.4,4355.54,Yes,0.07,47,Summer,4007.5
SALE00468,2023-06-05,Electronics,41,212.54,12798.77,Yes,0.18,41,Summer,12670.45
SALE00469,2023-06-05,Grocery,25,14.36,410.15,No,0.0,21,Summer,375.85
SALE00470,2023-06-05,Apparel,35,42.2,1483.34,No,0.0,28,Summer,1482.25
SALE00471,2023-06-05,Home & Garden,47,68.48,4007.5,No,0.0,31,Summer,3427.65
SALE00472,2023-06-06,Beauty,48,26.94,1318.05,No,0.0,47,Summer,1431.91
SALE00473,2023-06-06,Electronics,40,198.58,12670.45,Yes,0.18,29,Summer,10351.66
SALE00474,2023-06-06,Home & Garden,56,61.53,3427.65,No,0.0,51,Summer,3451.37
SALE00475,2023-06-07,Sports,41,50.6,3450.96,No,0.0,36,Summer,2281.89
SALE00476,2023-06-07,Electronics,29,239.06,10351.66,Yes,0.05,18,Summer,8573.62
SALE00477,2023-06-07,Home & Garden,15,75.4,3451.37,Yes,0.13,16,Summer,1361.99
SALE00478,2023-06-07,Beauty,45,34.61,1431.91,Yes,0.23,28,Summer,2416.41
SALE00479,2023-06-08,Home & Garden,54,70.95,1361.99,No,0.0,41,Summer,4557.49
SALE00480,2023-06-08,Sports,32,52.13,2281.89,No,0.0,33,Summer,1822.76
SALE00481,2023-06-09,Apparel,31,40.43,1482.25,No,0.0,33,Summer,1387.24
SALE00482,2023-06-09,Electronics,61,205.69,8573.62,No,0.0,48,Summer,14935.76
SALE00483,2023-06-09,Grocery,27,13.3,375.85,No,0.0,27,Summer,413.18
SALE00484,2023-06-10,Grocery,24,17.07,413.18,No,0.0,23,Summer,476.23
SALE00485,2023-06-10,Electronics,1,248.05,14935.76,No,0.0,5,Summer,340.02
SALE00486,2023-06-10,Beauty,7,34.14,2416.41,No,0.0,6,Summer,294.54
SALE00487,2023-06-10,Sports,45,63.65,1822.76,No,0.0,46,Summer,3779.94
SALE00488,2023-06-11,Electronics,24,224.47,340.02,No,0.0,20,Summer,6154.01
SALE00489,2023-06-11,Home & Garden,43,61.74,4557.49,No,0.0,43,Summer,3079.17
SALE00490,2023-06-11,Sports,34,51.5,3779.94,No,0.0,31,Summer,2335.91
SALE00491,2023-06-12,Apparel,26,44.1,1387.24,No,0.0,15,Summer,1377.01
SALE00492,2023-06-12,Grocery,28,16.94,476.23,No,0.0,28,Summer,555.77
SALE00493,2023-06-12,Home & Garden,34,60.68,3079.17,Yes,0.09,35,Summer,2527.89
SALE00494,2023-06-13,Grocery,30,14.67,555.77,Yes,0.16,24,Summer,584.39
SALE00495,2023-06-13,Beauty,60,27.48,294.54,No,0.0,37,Summer,1848.39
SALE00496,2023-06-13,Sports,26,65.48,2335.91,Yes,0.18,17,Summer,2597.56
SALE00497,2023-06-14,Apparel,32,40.37,1377.01,Yes,0.13,31,Summer,1661.64
SALE00498,2023-06-14,Electronics,50,189.38,6154.01,No,0.0,48,Summer,9823.78
SALE00499,2023-06-14,Sports,56,61.94,2597.56,No,0.0,34,Summer,3952.63
SALE00500,2023-06-15,Grocery,51,16.92,584.39,No,0.0,42,Summer,916.25
SALE00501,2023-06-15,Home & Garden,61,56.3,2527.89,Yes,0.08,50,Summer,4235.48
SALE00502,2023-06-15,Sports,30,51.98,3952.63,No,0.0,29,Summer,1697.17
SALE00503,2023-06-16,Apparel,58,,1661.64,No,0.0,56,Summer,2811.08
SALE00504,2023-06-16,Beauty,76,30.32,1848.39,No,0.0,67,Summer,2483.38
SALE00505,2023-06-16,Electronics,39,249.43,9823.78,No,0.0,25,Summer,10183.96
SALE00506,2023-06-17,Grocery,14,14.22,916.25,No,0.0,14,Summer,242.2
SALE00507,2023-06-17,Electronics,35,188.69,10183.96,No,0.0,26,Summer,8710.32
SALE00508,2023-06-17,Sports,37,54.69,1697.17,Yes,0.11,32,Summer,3105.62
SALE00509,2023-06-17,Beauty,30,31.55,2483.38,No,0.0,32,Summer,1088.22
SALE00510,2023-06-18,Sports,8,58.74,3105.62,No,0.0,8,Summer,609.78
SALE00511,2023-06-18,Electronics,23,253.85,8710.32,Yes,0.05,17,Summer,8365.56
SALE00512,2023-06-18,Grocery,37,15.38,242.2,Yes,0.22,27,Summer,963.21
SALE00513,2023-06-18,Beauty,37,29.4,1088.22,No,0.0,29,Summer,1435.35
SALE00514,2023-06-19,Beauty,16,33.51,1435.35,No,0.0,9,Summer,613.92
SALE00515,2023-06-19,Grocery,7,14.28,963.21,No,0.0,5,Summer,120.94
SALE00516,2023-06-19,Electronics,31,261.62,8365.56,No,0.0,19,Summer,8493.36
SALE00517,2023-06-20,Sports,32,48.7,609.78,Yes,0.2,32,Summer,2404.7
SALE00518,2023-06-20,Home & Garden,51,71.58,4235.48,No,0.0,38,Summer,3641.09
SALE00519,2023-06-20,Grocery,37,15.49,120.94,No,0.0,,Summer,600.81
SALE00520,2023-06-21,Apparel,46,39.85,2811.08,No,0.0,46,Summer,2101.42
SALE00521,2023-06-21,Sports,34,59.79,2404.7,No,0.0,33,Summer,2329.39
SALE00522,2023-06-21,Beauty,30,28.29,613.92,No,0.0,27,Summer,930.07
SALE00523,2023-06-21,Electronics,40,217.17,8493.36,Yes,0.19,43,Summer,13523.41
SALE00524,2023-06-22,Apparel,41,42.77,2101.42,Yes,0.25,40,Summer,2473.38
SALE00525,2023-06-22,Sports,48,51.59,2329.39,Yes,0.14,39,Summer,3653.19
SALE00526,2023-06-22,Grocery,61,15.66,600.81,Yes,0.16,51,Summer,1370.35
SALE00527,2023-06-23,Grocery,15,14.29,1370.35,Yes,0.25,13,Summer,362.82
SALE00528,2023-06-23,Sports,30,53.68,3653.19,No,0.0,24,Summer,1786.86
SALE00529,2023-06-23,Electronics,49,194.28,13523.41,No,0.0,38,Summer,9680.14
SALE00530,2023-06-23,Home & Garden,67,59.41,3641.09,No,0.0,50,Summer,4189.71
SALE00531,2023-06-24,Electronics,54,219.49,9680.14,No,0.0,47,Summer,15386.19
SALE00532,2023-06-24,Apparel,46,39.16,2473.38,No,0.0,47,Summer,2124.48
SALE00533,2023-06-25,Apparel,41,38.31,2124.48,No,0.0,42,Summer,1821.9
SALE00534,2023-06-25,Sports,26,57.11,1786.86,Yes,0.09,27,Summer,2290.02
SALE00535,2023-06-26,Apparel,16,38.48,1821.9,No,0.0,12,Summer,673.25
SALE00536,2023-06-26,Beauty,46,29.47,930.07,Yes,0.26,34,Summer,2117.76
SALE00537,2023-06-26,Sports,33,53.09,2290.02,Yes,0.18,31,Summer,2665.85
SALE00538,2023-06-27,Apparel,71,52.3,673.25,No,0.0,74,Summer,4005.62
SALE00539,2023-06-27,Home & Garden,25,63.45,4189.71,Yes,0.16,27,Summer,2122.3
SALE00540,2023-06-28,Home & Garden,57,74.76,2122.3,No,0.0,40,Summer,4479.67
SALE00541,2023-06-28,Apparel,37,39.43,4005.62,Yes,0.1,26,Summer,1720.4
SALE00542,2023-06-28,Sports,40,64.58,2665.85,No,0.0,39,Summer,2649.4
SALE00543,2023-06-28,Electronics,37,233.41,15386.19,Yes,0.17,32,Summer,12173.04
SALE00544,2023-06-29,Grocery,38,14.33,362.82,No,0.0,32,Summer,628.82
SALE00545,2023-06-29,Beauty,16,30.02,2117.76,No,0.0,16,Summer,550.33
SALE00546,2023-06-30,Beauty,39,31.83,550.33,No,0.0,32,Summer,1332.06
SALE00547,2023-06-30,Electronics,29,187.29,12173.04,Yes,0.26,28,Summer,7902.85
SALE00548,2023-06-30,Home & Garden,47,58.54,4479.67,No,0.0,39,Summer,3044.45
SALE00549,2023-06-30,Apparel,37,43.24,1720.4,Yes,0.16,31,Summer,2068.27
SALE00550,2023-07-01,Apparel,48,42.76,2068.27,Yes,0.05,48,Summer,2996.41
SALE00551,2023-07-01,Sports,48,53.54,2649.4,No,0.0,48,Summer,3184.4
SALE00552,2023-07-01,Grocery,43,17.42,628.82,Yes,0.14,45,Summer,1260.07
SALE00553,2023-07-01,Home & Garden,18,59.61,3044.45,No,0.0,19,Summer,1286.74
SALE00554,2023-07-02,Electronics,18,226.44,7902.85,No,0.0,15,Summer,5523.71
SALE00555,2023-07-02,Beauty,47,26.03,1332.06,No,0.0,41,Summer,1461.96
SALE00556,2023-07-02,Grocery,19,14.85,1260.07,Yes,0.14,16,Summer,400.26
SALE00557,2023-07-03,Beauty,6,35.39,1461.96,Yes,0.25,6,Summer,328.94
SALE00558,2023-07-03,Home & Garden,51,67.67,1286.74,No,0.0,34,Summer,3578.02
SALE00559,2023-07-04,Electronics,21,225.27,5523.71,No,0.0,15,Summer,5680.59
SALE00560,2023-07-04,Grocery,28,14.84,400.26,No,0.0,24,Summer,439.21
SALE00561,2023-07-05,Home & Garden,26,65.96,3578.02,No,0.0,21,Summer,1746.0
SALE00562,2023-07-05,Beauty,25,25.67,328.94,No,0.0,18,Summer,778.15
SALE00563,2023-07-05,Electronics,29,190.05,5680.59,No,0.0,30,Summer,6235.94
SALE00564,2023-07-06,Electronics,36,187.97,6235.94,No,0.0,28,Summer,7989.29
SALE00565,2023-07-06,Home & Garden,39,67.38,1746.0,No,0.0,35,Summer,2996.94
SALE00566,2023-07-06,Grocery,55,17.74,439.21,No,0.0,44,Summer,1119.09
SALE00567,2023-07-07,Electronics,63,236.22,7989.29,No,0.0,49,Summer,16547.3
SALE00568,2023-07-07,Home & Garden,59,65.86,2996.94,Yes,0.28,46,Summer,6576.98
SALE00569,2023-07-07,Sports,59,52.62,3184.4,No,0.0,51,Summer,3389.92
SALE00570,2023-07-07,Grocery,56,15.78,1119.09,No,0.0,34,Summer,936.51
SALE00571,2023-07-08,Apparel,62,41.63,2996.41,No,0.0,38,Summer,3145.55
SALE00572,2023-07-08,Beauty,46,35.31,778.15,Yes,0.06,44,Summer,2313.64
SALE00573,2023-07-08,Grocery,56,17.37,936.51,No,0.0,43,Summer,1147.63
SALE00574,2023-07-08,Electronics,34,211.64,16547.3,No,0.0,35,Summer,9905.16
SALE00575,2023-07-09,Beauty,49,31.23,2313.64,No,0.0,31,Summer,1781.17
SALE00576,2023-07-09,Sports,49,48.11,3389.92,No,0.0,36,Summer,2870.3
SALE00577,2023-07-09,Home & Garden,47,70.58,6576.98,Yes,0.09,50,Summer,4480.55
SALE00578,2023-07-09,Electronics,36,215.79,9905.16,No,0.0,30,Summer,10712.49
SALE00579,2023-07-10,Home & Garden,46,63.29,4480.55,No,0.0,45,Summer,3404.39
SALE00580,2023-07-10,Grocery,20,,1147.63,Yes,0.29,14,Summer,429.75
SALE00581,2023-07-10,Sports,72,55.69,2870.3,Yes,0.1,75,Summer,5240.99
SALE00582,2023-07-10,Apparel,32,39.63,3145.55,No,0.0,22,Summer,1515.7
SALE00583,2023-07-11,Beauty,63,31.62,1781.17,No,0.0,59,Summer,2142.58
SALE00584,2023-07-11,Home & Garden,45,73.46,3404.39,No,0.0,28,Summer,3940.82
SALE00585,2023-07-11,Sports,55,53.47,5240.99,No,0.0,56,Summer,3552.04
SALE00586,2023-07-12,Grocery,65,17.23,429.75,No,0.0,51,Summer,1268.99
SALE00587,2023-07-12,Sports,72,57.04,3552.04,No,0.0,47,Summer,4811.75
SALE00588,2023-07-12,Electronics,37,219.29,10712.49,Yes,0.27,34,Summer,14044.54
SALE00589,2023-07-12,Apparel,57,42.61,1515.7,Yes,0.06,41,Summer,2812.11
SALE00590,2023-07-13,Beauty,18,28.99,2142.58,No,0.0,16,Summer,587.5
SALE00591,2023-07-13,Home & Garden,46,60.35,3940.82,No,0.0,33,Summer,3258.75
SALE00592,2023-07-13,Electronics,42,259.42,14044.54,No,0.0,41,Summer,11183.2
SALE00593,2023-07-13,Sports,25,47.8,4811.75,No,0.0,17,Summer,1320.8
SALE00594,2023-07-14,Grocery,64,16.7,1268.99,No,0.0,57,Summer,1101.48
SALE00595,2023-07-14,Home & Garden,43,57.75,3258.75,No,0.0,43,Summer,2982.69
SALE00596,2023-07-15,Sports,45,50.18,1320.8,Yes,0.2,32,Summer,3665.01
SALE00597,2023-07-15,Apparel,28,52.31,2812.11,Yes,0.22,25,Summer,2292.65
SALE00598,2023-07-15,Grocery,53,13.71,1101.48,Yes,0.27,48,Summer,1270.84
SALE00599,2023-07-15,Home & Garden,36,65.54,2982.69,No,0.0,37,Summer,2749.23
SALE00600,2023-07-16,Apparel,31,45.97,2292.65,No,0.0,20,Summer,1695.19
SALE00601,2023-07-16,Grocery,53,17.12,1270.84,No,0.0,50,Summer,1076.46
SALE00602,2023-07-16,Home & Garden,32,76.05,2749.23,Yes,0.26,32,Summer,4597.36
SALE00603,2023-07-17,Beauty,48,25.87,587.5,No,0.0,51,Summer,1460.6
SALE00604,2023-07-17,Electronics,70,200.05,11183.2,Yes,0.25,50,Summer,23464.22
SALE00605,2023-07-17,Grocery,42,14.59,1076.46,Yes,0.18,44,Summer,931.43
SALE00606,2023-07-17,Apparel,47,42.98,1695.19,Yes,0.12,50,Summer,2562.95
SALE00607,2023-07-18,Electronics,19,204.95,23464.22,Yes,0.26,12,Summer,6613.07
SALE00608,2023-07-18,Apparel,36,53.13,2562.95,No,0.0,31,Summer,2248.02
SALE00609,2023-07-18,Beauty,48,35.52,1460.6,No,0.0,37,Summer,1715.01
SALE00610,2023-07-19,Home & Garden,38,59.16,4597.36,No,0.0,38,Summer,2556.07
SALE00611,2023-07-19,Beauty,81,25.53,1715.01,Yes,0.07,73,Summer,2648.4
SALE00612,2023-07-19,Grocery,49,13.09,931.43,Yes,0.19,32,Summer,943.99
SALE00613,2023-07-19,Sports,10,60.41,3665.01,No,0.0,7,Summer,700.42
SALE00614,2023-07-20,Home & Garden,36,75.79,2556.07,No,0.0,34,Summer,3231.64
SALE00615,2023-07-20,Sports,36,54.26,700.42,No,0.0,21,Summer,2292.49
SALE00616,2023-07-20,Grocery,48,13.8,943.99,No,0.0,38,Summer,675.58
SALE00617,2023-07-21,Electronics,28,190.11,6613.07,Yes,0.17,21,Summer,7250.57
SALE00618,2023-07-21,Apparel,9,46.16,2248.02,No,0.0,9,Summer,443.99
SALE00619,2023-07-21,Home & Garden,41,73.41,3231.64,No,0.0,38,Summer,3194.12
SALE00620,2023-07-22,Beauty,23,29.75,2648.4,No,0.0,19,Summer,885.42
SALE00621,2023-07-22,Sports,26,48.38,2292.49,No,0.0,17,Summer,1702.27
SALE00622,2023-07-23,Apparel,33,45.22,443.99,No,0.0,34,Summer,1978.62
SALE00623,2023-07-23,Electronics,36,229.3,7250.57,No,0.0,39,Summer,9620.61
SALE00624,2023-07-23,Sports,36,58.49,1702.27,No,0.0,38,Summer,2888.08
SALE00625,2023-07-23,Grocery,42,17.38,675.58,No,0.0,40,Summer,841.74
SALE00626,2023-07-24,Sports,53,59.23,2888.08,No,0.0,56,Summer,3239.56
SALE00627,2023-07-24,Beauty,37,31.59,885.42,No,0.0,26,Summer,1215.68
SALE00628,2023-07-24,Home & Garden,50,55.59,3194.12,No,0.0,30,Summer,3064.84
SALE00629,2023-07-25,Electronics,23,203.26,9620.61,No,0.0,18,Summer,5652.33
SALE00630,2023-07-25,Grocery,61,,841.74,Yes,0.22,59,Summer,1338.52
SALE00631,2023-07-25,Sports,17,47.9,3239.56,No,0.0,11,Summer,960.16
SALE00632,2023-07-26,Beauty,50,32.74,1215.68,Yes,0.16,44,Summer,2282.67
SALE00633,2023-07-26,Electronics,31,191.0,5652.33,Yes,0.08,31,Summer,8108.18
SALE00634,2023-07-26,Grocery,63,17.64,1338.52,No,0.0,48,Summer,1352.49
SALE00635,2023-07-26,Home & Garden,27,69.45,3064.84,No,0.0,26,Summer,2252.89
SALE00636,2023-07-27,Home & Garden,27,64.01,2252.89,Yes,0.21,27,Summer,2769.99
SALE00637,2023-07-27,Electronics,46,208.44,8108.18,No,0.0,42,Summer,10798.75
SALE00638,2023-07-27,Sports,38,48.59,960.16,No,0.0,34,Summer,2102.74
SALE00639,2023-07-28,Apparel,43,39.19,1978.62,No,0.0,27,Summer,1788.61
SALE00640,2023-07-28,Sports,25,50.4,2102.74,No,0.0,19,Summer,1493.92
SALE00641,2023-07-28,Beauty,33,32.96,2282.67,No,0.0,22,Summer,1217.97
SALE00642,2023-07-28,Grocery,46,17.94,1352.49,No,0.0,35,Summer,868.06
SALE00643,2023-07-29,Sports,39,58.13,1493.92,Yes,0.29,30,Summer,4548.9
SALE00644,2023-07-29,Grocery,47,14.74,868.06,No,0.0,44,Summer,828.97
SALE00645,2023-07-30,Grocery,14,17.22,828.97,No,0.0,15,Summer,335.64
SALE00646,2023-07-30,Beauty,29,28.47,1217.97,No,0.0,27,Summer,1149.27
SALE00647,2023-07-30,Home & Garden,27,64.19,2769.99,No,0.0,17,Summer,2267.64
SALE00648,2023-07-31,Home & Garden,42,74.61,2267.64,Yes,0.28,43,Summer,5082.88
SALE00649,2023-07-31,Beauty,35,26.22,1149.27,No,0.0,24,Summer,1011.96
SALE00650,2023-08-01,Electronics,33,236.7,10798.75,Yes,0.28,19,Summer,12559.36
SALE00651,2023-08-01,Home & Garden,69,58.77,5082.88,No,0.0,54,Summer,4416.26
SALE00652,2023-08-01,Beauty,52,,1011.96,No,0.0,56,Summer,1642.89
SALE00653,2023-08-02,Grocery,50,14.6,335.64,Yes,0.12,42,Summer,922.46
SALE00654,2023-08-02,Home & Garden,48,60.21,4416.26,No,0.0,33,Summer,3086.41
SALE00655,2023-08-03,Apparel,40,45.19,1788.61,No,0.0,43,Summer,1897.01
SALE00656,2023-08-03,Sports,23,65.51,4548.9,Yes,0.06,15,Summer,1788.29
SALE00657,2023-08-03,Beauty,28,31.99,1642.89,Yes,0.26,28,Summer,1333.03
SALE00658,2023-08-04,Home & Garden,33,67.4,3086.41,Yes,0.21,28,Summer,3044.92
SALE00659,2023-08-04,Beauty,36,35.57,1333.03,No,0.0,33,Summer,1335.27
SALE00660,2023-08-04,Grocery,52,17.41,922.46,Yes,0.29,35,Summer,1463.48
SALE00661,2023-08-05,Sports,20,55.74,1788.29,No,0.0,17,Summer,1572.37
SALE00662,2023-08-05,Apparel,29,48.04,1897.01,No,0.0,29,Summer,1614.38
SALE00663,2023-08-05,Electronics,25,255.64,12559.36,Yes,0.12,22,Summer,9638.33
SALE00664,2023-08-06,Grocery,29,15.57,1463.48,Yes,0.2,25,Summer,694.9
SALE00665,2023-08-06,Apparel,36,52.81,1614.38,No,0.0,23,Summer,2594.58
SALE00666,2023-08-07,Home & Garden,49,56.14,3044.92,No,0.0,30,Summer,2914.41
SALE00667,2023-08-07,Beauty,42,29.87,1335.27,No,0.0,31,Summer,1472.22
SALE00668,2023-08-07,Electronics,10,233.58,9638.33,No,0.0,9,Summer,2378.73
SALE00669,2023-08-07,Apparel,41,39.51,2594.58,No,0.0,37,Summer,1636.74
SALE00670,2023-08-08,Sports,45,61.36,1572.37,Yes,0.17,40,Summer,3970.78
SALE00671,2023-08-08,Home & Garden,19,63.69,2914.41,No,0.0,12,Summer,1235.87
SALE00672,2023-08-09,Beauty,35,33.94,1472.22,Yes,0.11,30,Summer,1537.73
SALE00673,2023-08-09,Home & Garden,20,62.86,1235.87,Yes,0.14,13,Summer,1550.87
SALE00674,2023-08-10,Home & Garden,39,55.5,1550.87,No,0.0,24,Summer,2231.11
SALE00675,2023-08-10,Electronics,50,245.44,2378.73,No,0.0,31,Summer,13896.49
SALE00676,2023-08-10,Grocery,69,14.08,694.9,Yes,0.24,65,Summer,1414.08
SALE00677,2023-08-10,Apparel,54,40.06,1636.74,No,0.0,50,Summer,2610.7
SALE00678,2023-08-11,Grocery,33,14.47,1414.08,No,0.0,29,Summer,555.48
SALE00679,2023-08-11,Sports,63,55.94,3970.78,Yes,0.29,51,Summer,5980.61
SALE00680,2023-08-11,Home & Garden,25,55.41,2231.11,No,0.0,25,Summer,1398.83
SALE00681,2023-08-11,Beauty,43,28.96,1537.73,No,0.0,34,Summer,1489.07
SALE00682,2023-08-12,Grocery,41,14.58,555.48,No,0.0,40,Summer,811.78
SALE00683,2023-08-12,Sports,49,54.52,5980.61,No,0.0,30,Summer,3593.41
SALE00684,2023-08-12,Beauty,21,30.27,1489.07,Yes,0.28,16,Summer,1284.81
SALE00685,2023-08-13,Beauty,7,32.2,1284.81,No,0.0,5,Summer,286.58
SALE00686,2023-08-13,Electronics,39,236.07,13896.49,No,0.0,32,Summer,12670.41
SALE00687,2023-08-13,Sports,15,55.93,3593.41,Yes,0.18,11,Summer,1423.87
SALE00688,2023-08-14,Sports,43,53.09,1423.87,No,0.0,46,Summer,2594.44
SALE00689,2023-08-14,Grocery,41,16.91,811.78,No,0.0,31,Summer,703.73
SALE00690,2023-08-15,Electronics,66,200.22,12670.41,No,0.0,40,Summer,14991.68
SALE00691,2023-08-15,Grocery,24,13.08,703.73,No,0.0,17,Summer,368.17
SALE00692,2023-08-16,Sports,53,53.84,2594.44,No,0.0,41,Summer,3101.65
SALE00693,2023-08-16,Grocery,19,16.53,368.17,No,0.0,14,Summer,339.65
SALE00694,2023-08-16,Apparel,58,53.99,2610.7,Yes,0.09,63,Summer,3801.68
SALE00695,2023-08-17,Home & Garden,48,71.33,1398.83,No,0.0,29,Summer,3628.12
SALE00696,2023-08-17,Electronics,50,204.02,14991.68,Yes,0.09,37,Summer,13252.48
SALE00697,2023-08-17,Grocery,55,14.42,339.65,Yes,0.09,59,Summer,1042.59
SALE00698,2023-08-18,Apparel,50,52.62,3801.68,No,0.0,44,Summer,2915.06
SALE00699,2023-08-18,Sports,64,51.36,3101.65,Yes,0.06,47,Summer,3780.46
SALE00700,2023-08-18,Grocery,18,17.9,1042.59,Yes,0.08,15,Summer,388.0
SALE00701,2023-08-18,Beauty,37,30.56,286.58,Yes,0.17,32,Summer,1656.53
SALE00702,2023-08-19,Home & Garden,37,62.38,3628.12,No,0.0,26,Summer,3074.38
SALE00703,2023-08-19,Electronics,26,245.32,13252.48,No,0.0,24,Summer,8072.12
SALE00704,2023-08-19,Grocery,74,15.06,388.0,Yes,0.13,48,Summer,1757.38
SALE00705,2023-08-19,Apparel,20,49.62,2915.06,No,0.0,20,Summer,1389.59
SALE00706,2023-08-20,Grocery,70,16.21,1757.38,No,0.0,,Summer,1599.42
SALE00707,2023-08-20,Beauty,22,35.86,1656.53,Yes,0.3,23,Summer,1649.71
SALE00708,2023-08-20,Electronics,37,191.78,8072.12,Yes,0.2,32,Summer,10865.55
SALE00709,2023-08-20,Apparel,51,38.76,1389.59,No,0.0,50,Summer,2485.04
SALE00710,2023-08-21,Home & Garden,44,66.0,3074.38,No,0.0,31,Summer,3533.16
SALE00711,2023-08-21,Sports,44,55.99,3780.46,No,0.0,41,Summer,2575.2
SALE00712,2023-08-22,Grocery,64,15.09,1599.42,No,0.0,40,Summer,1045.12
SALE00713,2023-08-22,Sports,42,62.74,2575.2,Yes,0.22,32,Summer,3881.04
SALE00714,2023-08-22,Beauty,44,29.92,1649.71,No,0.0,44,Summer,1622.04
SALE00715,2023-08-23,Electronics,70,227.88,10865.55,No,0.0,61,Summer,17408.99
SALE00716,2023-08-23,Home & Garden,29,59.29,3533.16,Yes,0.13,27,Summer,2356.9
SALE00717,2023-08-24,Sports,53,51.32,3881.04,Yes,0.15,44,Summer,4047.28
SALE00718,2023-08-24,Home & Garden,31,64.24,2356.9,No,0.0,31,Summer,2115.97
SALE00719,2023-08-25,Grocery,32,15.02,1045.12,No,0.0,19,Summer,550.44
SALE00720,2023-08-25,Sports,46,63.43,4047.28,No,0.0,29,Summer,3572.8
SALE00721,2023-08-26,Apparel,21,51.63,2485.04,Yes,0.19,14,Summer,1826.08
SALE00722,2023-08-26,Grocery,14,14.38,550.44,No,0.0,12,Summer,269.87
SALE00723,2023-08-26,Beauty,22,27.19,1622.04,No,0.0,22,Summer,794.92
SALE00724,2023-08-26,Home & Garden,11,58.38,2115.97,No,0.0,9,Summer,827.3
SALE00725,2023-08-27,Grocery,23,17.05,269.87,No,0.0,15,Summer,540.68
SALE00726,2023-08-27,Apparel,56,41.48,1826.08,No,0.0,57,Summer,2985.25
SALE00727,2023-08-28,Beauty,43,32.66,794.92,Yes,0.22,38,Summer,1990.14
SALE00728,2023-08-28,Grocery,51,15.29,540.68,No,0.0,33,Summer,846.85
SALE00729,2023-08-28,Sports,33,61.2,3572.8,No,0.0,26,Summer,2477.03
SALE00730,2023-08-29,Apparel,39,52.68,2985.25,No,0.0,41,Summer,2399.74
SALE00731,2023-08-29,Sports,34,48.99,2477.03,No,0.0,34,Summer,1741.02
SALE00732,2023-08-29,Grocery,56,14.07,846.85,No,0.0,47,Summer,860.45
SALE00733,2023-08-30,Home & Garden,16,68.26,827.3,No,0.0,13,Summer,1349.23
SALE00734,2023-08-30,Apparel,51,48.85,2399.74,No,0.0,42,Summer,3034.68
SALE00735,2023-08-30,Sports,42,53.95,1741.02,Yes,0.08,31,Summer,3156.89
SALE00736,2023-08-31,Grocery,49,,860.45,No,0.0,45,Summer,682.13
SALE00737,2023-08-31,Beauty,66,29.35,1990.14,No,0.0,67,Summer,2281.16
SALE00738,2023-09-01,Home & Garden,42,67.22,1349.23,No,0.0,44,Fall,2855.2
SALE00739,2023-09-01,Apparel,43,48.48,3034.68,Yes,0.12,36,Fall,2749.48
SALE00740,2023-09-01,Beauty,44,33.97,2281.16,No,0.0,26,Fall,1552.05
SALE00741,2023-09-02,Apparel,45,40.43,2749.48,No,0.0,44,Fall,2097.9
SALE00742,2023-09-02,Home & Garden,48,75.86,2855.2,Yes,0.14,33,Fall,5694.21
SALE00743,2023-09-02,Beauty,29,29.78,1552.05,Yes,0.12,26,Fall,1205.66
SALE00744,2023-09-02,Sports,36,64.86,3156.89,No,0.0,23,Fall,2716.8
SALE00745,2023-09-03,Grocery,22,14.0,682.13,No,0.0,14,Fall,336.62
SALE00746,2023-09-03,Electronics,79,258.56,17408.99,Yes,0.27,47,Fall,34239.01
SALE00747,2023-09-03,Beauty,44,34.66,1205.66,Yes,0.07,32,Fall,2017.71
SALE00748,2023-09-04,Apparel,11,46.4,2097.9,Yes,0.17,9,Fall,713.59
SALE00749,2023-09-04,Electronics,29,261.76,34239.01,No,0.0,19,Fall,7529.22
SALE00750,2023-09-04,Beauty,40,32.93,2017.71,No,0.0,31,Fall,1273.86
SALE00751,2023-09-05,Home & Garden,37,60.28,5694.21,No,0.0,26,Fall,2408.78
SALE00752,2023-09-05,Grocery,34,,336.62,Yes,0.24,36,Fall,756.74
SALE00753,2023-09-05,Beauty,49,32.32,1273.86,Yes,0.25,31,Fall,2101.39
SALE00754,2023-09-05,Apparel,36,47.04,713.59,No,0.0,25,Fall,1923.99
SALE00755,2023-09-06,Beauty,35,26.06,2101.39,Yes,0.19,32,Fall,1313.39
SALE00756,2023-09-06,Apparel,23,40.17,1923.99,No,0.0,15,Fall,1059.06
SALE00757,2023-09-06,Home & Garden,48,55.53,2408.78,No,0.0,47,Fall,2558.75
SALE00758,2023-09-07,Home & Garden,52,66.21,2558.75,No,0.0,42,Fall,3720.95
SALE00759,2023-09-07,Apparel,19,46.29,1059.06,No,0.0,13,Fall,832.68
SALE00760,2023-09-07,Sports,35,59.26,2716.8,No,0.0,35,Fall,2219.79
SALE00761,2023-09-07,Electronics,47,210.89,7529.22,No,0.0,35,Fall,9900.1
SALE00762,2023-09-08,Grocery,42,17.52,756.74,Yes,0.27,27,Fall,1090.37
SALE00763,2023-09-08,Electronics,50,217.76,9900.1,No,0.0,37,Fall,10459.39
SALE00764,2023-09-09,Home & Garden,37,65.82,3720.95,No,0.0,35,Fall,2885.19
SALE00765,2023-09-09,Sports,56,47.69,2219.79,No,0.0,56,Fall,3536.83
SALE00766,2023-09-10,Beauty,31,29.19,1313.39,No,0.0,23,Fall,1196.6
SALE00767,2023-09-10,Sports,29,62.19,3536.83,No,0.0,17,Fall,2340.35
SALE00768,2023-09-10,Grocery,20,13.38,1090.37,No,0.0,20,Fall,349.78
SALE00769,2023-09-10,Home & Garden,22,62.61,2885.19,Yes,0.21,21,Fall,2174.72
SALE00770,2023-09-11,Electronics,55,233.57,10459.39,No,0.0,39,Fall,14660.48
SALE00771,2023-09-11,Beauty,44,26.68,1196.6,Yes,0.2,29,Fall,1673.89
SALE00772,2023-09-11,Home & Garden,37,62.51,2174.72,No,0.0,23,Fall,2351.28
SALE00773,2023-09-12,Beauty,29,26.69,1673.89,No,0.0,30,Fall,777.33
SALE00774,2023-09-12,Home & Garden,16,60.61,2351.28,No,0.0,13,Fall,950.3
SALE00775,2023-09-12,Sports,38,47.48,2340.35,Yes,0.17,33,Fall,2601.83
SALE00776,2023-09-13,Home & Garden,53,73.12,950.3,Yes,0.22,35,Fall,5727.97
SALE00777,2023-09-13,Sports,67,50.45,2601.83,Yes,0.14,58,Fall,4176.25
SALE00778,2023-09-13,Electronics,53,237.29,14660.48,No,0.0,46,Fall,12661.77
SALE00779,2023-09-14,Electronics,47,207.18,12661.77,No,0.0,45,Fall,9695.46
SALE00780,2023-09-14,Grocery,29,15.52,349.78,No,0.0,25,Fall,438.34
SALE00781,2023-09-14,Home & Garden,25,65.08,5727.97,No,0.0,17,Fall,1542.69
SALE00782,2023-09-15,Electronics,26,221.7,9695.46,No,0.0,26,Fall,6480.52
SALE00783,2023-09-15,Apparel,35,48.79,832.68,No,0.0,33,Fall,1849.85
SALE00784,2023-09-16,Beauty,25,27.26,777.33,Yes,0.18,25,Fall,1076.38
SALE00785,2023-09-16,Sports,14,61.75,4176.25,No,0.0,12,Fall,1068.25
SALE00786,2023-09-16,Electronics,56,216.39,6480.52,Yes,0.18,55,Fall,20301.35
SALE00787,2023-09-17,Electronics,54,242.23,20301.35,No,0.0,50,Fall,14450.26
SALE00788,2023-09-17,Sports,50,56.38,1068.25,No,0.0,,Fall,3194.74
SALE00789,2023-09-18,Apparel,42,42.87,1849.85,No,0.0,30,Fall,1979.57
SALE00790,2023-09-18,Grocery,55,14.52,438.34,Yes,0.29,43,Fall,1299.66
SALE00791,2023-09-18,Home & Garden,26,55.35,1542.69,No,0.0,16,Fall,1587.39
SALE00792,2023-09-19,Home & Garden,18,69.3,1587.39,Yes,0.17,11,Fall,1611.67
SALE00793,2023-09-19,Grocery,35,14.65,1299.66,No,0.0,32,Fall,532.77
SALE00794,2023-09-20,Home & Garden,63,56.15,1611.67,No,0.0,41,Fall,3808.42
SALE00795,2023-09-20,Apparel,67,51.49,1979.57,No,0.0,40,Fall,3902.53
SALE00796,2023-09-20,Beauty,17,28.04,1076.38,Yes,0.17,15,Fall,690.46
SALE00797,2023-09-21,Beauty,59,35.62,690.46,No,0.0,44,Fall,2131.04
SALE00798,2023-09-21,Home & Garden,57,66.75,3808.42,No,0.0,50,Fall,3889.11
SALE00799,2023-09-21,Apparel,36,45.98,3902.53,No,0.0,30,Fall,1839.7
SALE00800,2023-09-22,Grocery,29,16.63,532.77,No,0.0,20,Fall,515.88
SALE00801,2023-09-22,Electronics,51,262.7,14450.26,No,0.0,41,Fall,13230.93
SALE00802,2023-09-22,Sports,43,64.52,3194.74,No,0.0,27,Fall,3082.94
SALE00803,2023-09-23,Home & Garden,69,57.83,3889.11,No,0.0,57,Fall,4869.54
SALE00804,2023-09-23,Sports,40,54.59,3082.94,No,0.0,35,Fall,2775.7
SALE00805,2023-09-24,Home & Garden,1,72.98,4869.54,No,0.0,5,Fall,81.48
SALE00806,2023-09-24,Electronics,39,212.72,13230.93,No,0.0,38,Fall,9519.3
SALE00807,2023-09-25,Beauty,37,33.53,2131.04,No,0.0,28,Fall,1330.89
SALE00808,2023-09-25,Apparel,42,42.34,1839.7,No,0.0,33,Fall,1902.11
SALE00809,2023-09-26,Beauty,80,35.31,1330.89,No,0.0,66,Fall,3141.19
SALE00810,2023-09-26,Apparel,12,41.35,1902.11,No,0.0,8,Fall,475.64
SALE00811,2023-09-26,Electronics,30,203.84,9519.3,Yes,0.21,18,Fall,8727.74
SALE00812,2023-09-26,Grocery,60,15.93,515.88,No,0.0,57,Fall,1090.12
SALE00813,2023-09-27,Sports,28,56.4,2775.7,No,0.0,18,Fall,1710.85
SALE00814,2023-09-27,Apparel,52,44.12,475.64,Yes,0.06,50,Fall,2562.09
SALE00815,2023-09-27,Grocery,40,17.99,1090.12,No,0.0,40,Fall,826.86
SALE00816,2023-09-27,Beauty,20,29.5,3141.19,Yes,0.15,19,Fall,803.77
SALE00817,2023-09-28,Home & Garden,46,59.26,81.48,Yes,0.16,42,Fall,3358.15
SALE00818,2023-09-28,Beauty,32,33.45,803.77,No,0.0,32,Fall,1038.65
SALE00819,2023-09-28,Grocery,21,15.04,826.86,No,0.0,21,Fall,316.15
SALE00820,2023-09-29,Home & Garden,17,66.54,3358.15,No,0.0,15,Fall,1245.36
SALE00821,2023-09-29,Grocery,39,16.15,316.15,Yes,0.14,24,Fall,871.59
SALE00822,2023-09-29,Beauty,35,28.78,1038.65,Yes,0.23,23,Fall,1505.87
SALE00823,2023-09-29,Sports,26,56.48,1710.85,No,0.0,22,Fall,1532.14
SALE00824,2023-09-30,Electronics,38,221.13,8727.74,No,0.0,34,Fall,10780.2
SALE00825,2023-09-30,Home & Garden,46,66.89,1245.36,Yes,0.23,33,Fall,5434.09
SALE00826,2023-09-30,Apparel,52,52.87,2562.09,Yes,0.16,48,Fall,4086.8
SALE00827,2023-10-01,Sports,47,47.22,1532.14,Yes,0.12,41,Fall,3166.94
SALE00828,2023-10-01,Electronics,48,215.28,10780.2,No,0.0,36,Fall,13115.92
SALE00829,2023-10-01,Home & Garden,1,55.65,5434.09,Yes,0.21,5,Fall,96.53
SALE00830,2023-10-01,Apparel,36,52.2,4086.8,No,0.0,38,Fall,2461.89
SALE00831,2023-10-02,Beauty,19,29.8,1505.87,No,0.0,20,Fall,578.75
SALE00832,2023-10-02,Apparel,67,40.9,2461.89,Yes,0.08,53,Fall,3194.97
SALE00833,2023-10-02,Sports,34,60.28,3166.94,No,0.0,22,Fall,1970.79
SALE00834,2023-10-02,Home & Garden,9,76.29,96.53,No,0.0,8,Fall,750.85
SALE00835,2023-10-03,Beauty,34,32.31,578.75,No,0.0,25,Fall,1054.38
SALE00836,2023-10-03,Apparel,19,39.51,3194.97,Yes,0.3,19,Fall,1156.04
SALE00837,2023-10-03,Electronics,44,238.64,13115.92,Yes,0.3,28,Fall,16211.06
SALE00838,2023-10-04,Sports,48,63.32,1970.79,No,0.0,41,Fall,3319.22
SALE00839,2023-10-04,Beauty,45,,1054.38,Yes,0.08,29,Fall,1793.69
SALE00840,2023-10-04,Home & Garden,25,71.42,750.85,No,0.0,21,Fall,1774.67
SALE00841,2023-10-05,Grocery,34,13.24,871.59,No,0.0,28,Fall,512.71
SALE00842,2023-10-05,Beauty,20,34.79,1793.69,No,0.0,14,Fall,740.86
SALE00843,2023-10-05,Electronics,35,250.0,16211.06,No,0.0,31,Fall,8414.03
SALE00844,2023-10-05,Apparel,83,40.43,1156.04,Yes,0.26,64,Fall,5227.23
SALE00845,2023-10-06,Electronics,25,257.55,8414.03,No,0.0,15,Fall,6736.18
SALE00846,2023-10-06,Sports,18,62.19,3319.22,No,0.0,13,Fall,1200.48
SALE00847,2023-10-06,Beauty,21,28.0,740.86,No,0.0,19,Fall,571.2
SALE00848,2023-10-07,Sports,35,56.14,1200.48,Yes,0.23,38,Fall,3299.45
SALE00849,2023-10-07,Electronics,54,224.89,6736.18,No,0.0,33,Fall,14961.47
SALE00850,2023-10-08,Grocery,18,13.48,512.71,No,0.0,13,Fall,290.9
SALE00851,2023-10-08,Sports,31,47.74,3299.45,Yes,0.12,32,Fall,2060.18
SALE00852,2023-10-08,Beauty,33,33.8,571.2,No,0.0,21,Fall,1267.11
SALE00853,2023-10-09,Sports,34,52.21,2060.18,No,0.0,31,Fall,1740.19
SALE00854,2023-10-09,Electronics,30,242.41,14961.47,No,0.0,32,Fall,7745.89
SALE00855,2023-10-10,Beauty,34,31.79,1267.11,Yes,0.16,30,Fall,1425.1
SALE00856,2023-10-10,Home & Garden,25,61.72,1774.67,No,0.0,23,Fall,1793.34
SALE00857,2023-10-10,Grocery,40,13.47,290.9,No,0.0,37,Fall,616.35
SALE00858,2023-10-11,Beauty,45,34.41,1425.1,No,0.0,44,Fall,1763.24
SALE00859,2023-10-11,Home & Garden,46,77.85,1793.34,No,0.0,39,Fall,3663.98
SALE00860,2023-10-11,Grocery,33,16.49,616.35,No,0.0,22,Fall,616.82
SALE00861,2023-10-11,Sports,63,60.69,1740.19,No,0.0,47,Fall,4373.75
SALE00862,2023-10-12,Electronics,44,232.22,7745.89,No,0.0,42,Fall,9870.14
SALE00863,2023-10-12,Beauty,41,35.26,1763.24,No,0.0,40,Fall,1440.96
SALE00864,2023-10-13,Home & Garden,43,63.43,3663.98,No,0.0,29,Fall,3031.37
SALE00865,2023-10-13,Sports,33,60.6,4373.75,Yes,0.22,29,Fall,3137.62
SALE00866,2023-10-13,Apparel,20,38.56,5227.23,No,0.0,20,Fall,782.32
SALE00867,2023-10-13,Beauty,60,28.47,1440.96,No,0.0,65,Fall,1976.62
SALE00868,2023-10-14,Apparel,46,43.63,782.32,No,0.0,40,Fall,2451.44
SALE00869,2023-10-14,Grocery,20,17.91,616.82,No,0.0,20,Fall,460.95
SALE00870,2023-10-14,Electronics,32,219.43,9870.14,No,0.0,31,Fall,8020.37
SALE00871,2023-10-14,Beauty,17,34.66,1976.62,No,0.0,13,Fall,709.9
SALE00872,2023-10-15,Beauty,46,27.29,709.9,No,0.0,40,Fall,1527.96
SALE00873,2023-10-15,Home & Garden,46,59.53,3031.37,No,0.0,40,Fall,3599.98
SALE00874,2023-10-16,Sports,60,58.81,3137.62,No,0.0,39,Fall,3897.56
SALE00875,2023-10-16,Electronics,54,237.18,8020.37,No,0.0,33,Fall,12505.95
SALE00876,2023-10-17,Sports,34,56.46,3897.56,No,0.0,27,Fall,1940.34
SALE00877,2023-10-17,Beauty,49,33.34,1527.96,No,0.0,46,Fall,1607.71
SALE00878,2023-10-17,Apparel,29,44.04,2451.44,Yes,0.16,21,Fall,1711.86
SALE00879,2023-10-18,Sports,51,61.65,1940.34,Yes,0.24,55,Fall,4805.37
SALE00880,2023-10-18,Grocery,43,12.85,460.95,No,0.0,38,Fall,644.48
SALE00881,2023-10-18,Beauty,47,29.33,1607.71,No,0.0,43,Fall,1429.7
SALE00882,2023-10-19,Grocery,42,16.35,644.48,No,0.0,30,Fall,788.26
SALE00883,2023-10-19,Beauty,22,26.2,1429.7,No,0.0,19,Fall,624.81
SALE00884,2023-10-19,Sports,37,50.23,4805.37,Yes,0.19,32,Fall,2460.65
SALE00885,2023-10-19,Home & Garden,47,76.71,3599.98,No,0.0,40,Fall,3629.7
SALE00886,2023-10-20,Electronics,92,254.59,12505.95,No,0.0,69,Fall,25488.51
SALE00887,2023-10-20,Home & Garden,19,66.06,3629.7,No,0.0,16,Fall,1335.47
SALE00888,2023-10-20,Grocery,27,13.59,788.26,No,0.0,19,Fall,381.5
SALE00889,2023-10-21,Electronics,52,235.28,25488.51,No,0.0,32,Fall,15473.16
SALE00890,2023-10-21,Beauty,39,33.97,624.81,No,0.0,33,Fall,1766.53
SALE00891,2023-10-21,Home & Garden,60,67.17,1335.47,No,0.0,52,Fall,4722.89
SALE00892,2023-10-21,Apparel,70,50.43,1711.86,No,0.0,69,Fall,4328.42
SALE00893,2023-10-22,Grocery,39,15.86,381.5,No,0.0,26,Fall,818.1
SALE00894,2023-10-22,Home & Garden,21,75.99,4722.89,Yes,0.13,14,Fall,2572.58
SALE00895,2023-10-23,Grocery,51,14.29,818.1,No,0.0,36,Fall,772.47
SALE00896,2023-10-23,Apparel,52,48.53,4328.42,No,0.0,32,Fall,2876.99
SALE00897,2023-10-24,Electronics,22,206.37,15473.16,No,0.0,14,Fall,5174.82
SALE00898,2023-10-24,Grocery,18,14.41,772.47,No,0.0,17,Fall,289.21
SALE00899,2023-10-24,Beauty,41,26.52,1766.53,No,0.0,29,Fall,1195.37
SALE00900,2023-10-24,Home & Garden,40,55.73,2572.58,No,0.0,32,Fall,2445.29
SALE00901,2023-10-25,Grocery,33,15.6,289.21,Yes,0.23,21,Fall,710.81
SALE00902,2023-10-25,Home & Garden,45,64.83,2445.29,No,0.0,33,Fall,3203.06
SALE00903,2023-10-25,Electronics,38,239.75,5174.82,Yes,0.18,33,Fall,12295.74
SALE00904,2023-10-26,Apparel,49,53.47,2876.99,No,0.0,33,Fall,2874.44
SALE00905,2023-10-26,Grocery,21,17.59,710.81,No,0.0,13,Fall,417.83
SALE00906,2023-10-26,Electronics,5,194.74,12295.74,Yes,0.11,5,Fall,1103.93
SALE00907,2023-10-27,Sports,28,60.63,2460.65,No,0.0,28,Fall,1648.2
SALE00908,2023-10-27,Grocery,53,14.05,417.83,No,0.0,,Fall,786.83
SALE00909,2023-10-28,Home & Garden,66,57.9,3203.06,No,0.0,70,Fall,4778.04
SALE00910,2023-10-28,Sports,26,50.48,1648.2,No,0.0,28,Fall,1551.87
SALE00911,2023-10-29,Beauty,39,35.46,1195.37,No,0.0,38,Fall,1772.65
SALE00912,2023-10-29,Apparel,29,51.63,2874.44,No,0.0,18,Fall,1997.77
SALE00913,2023-10-30,Grocery,46,14.3,786.83,Yes,0.2,46,Fall,904.9
SALE00914,2023-10-30,Electronics,25,227.96,1103.93,No,0.0,24,Fall,5468.73
SALE00915,2023-10-30,Sports,43,58.88,1551.87,No,0.0,28,Fall,2454.11
SALE00916,2023-10-30,Home & Garden,59,63.86,4778.04,No,0.0,57,Fall,3846.85
SALE00917,2023-10-31,Electronics,42,258.89,5468.73,No,0.0,32,Fall,12741.76
SALE00918,2023-10-31,Apparel,60,51.3,1997.77,No,0.0,55,Fall,3361.86
SALE00919,2023-10-31,Sports,54,53.13,2454.11,No,0.0,55,Fall,3142.09
SALE00920,2023-11-01,Apparel,47,52.81,3361.86,No,0.0,33,Fall,2796.81
SALE00921,2023-11-01,Sports,64,56.47,3142.09,No,0.0,65,Fall,4197.29
SALE00922,2023-11-01,Home & Garden,35,59.01,3846.85,Yes,0.2,24,Fall,2708.1
SALE00923,2023-11-01,Electronics,27,238.15,12741.76,Yes,0.18,23,Fall,8966.02
SALE00924,2023-11-02,Beauty,50,31.95,1772.65,No,0.0,42,Fall,1605.64
SALE00925,2023-11-02,Apparel,82,41.69,2796.81,No,0.0,70,Fall,3499.4
SALE00926,2023-11-02,Electronics,73,220.29,8966.02,Yes,0.2,68,Fall,21608.69
SALE00927,2023-11-02,Sports,16,64.48,4197.29,No,0.0,11,Fall,1184.96
SALE00928,2023-11-03,Apparel,25,46.81,3499.4,No,0.0,27,Fall,1373.36
SALE00929,2023-11-03,Grocery,59,12.86,904.9,Yes,0.1,64,Fall,915.98
SALE00930,2023-11-03,Home & Garden,50,57.75,2708.1,No,0.0,32,Fall,2790.58
SALE00931,2023-11-04,Sports,59,57.48,1184.96,Yes,0.27,51,Fall,5867.02
SALE00932,2023-11-04,Home & Garden,21,59.08,2790.58,No,0.0,,Fall,1435.29
SALE00933,2023-11-05,Sports,40,,5867.02,No,0.0,37,Fall,2720.67
SALE00934,2023-11-05,Home & Garden,26,75.82,1435.29,No,0.0,21,Fall,2598.16
SALE00935,2023-11-05,Electronics,49,231.5,21608.69,No,0.0,29,Fall,14015.61
SALE00936,2023-11-06,Sports,50,63.06,2720.67,No,0.0,48,Fall,3135.47
SALE00937,2023-11-06,Grocery,15,16.5,915.98,No,0.0,12,Fall,254.96
SALE00938,2023-11-07,Grocery,9,13.81,254.96,No,0.0,5,Fall,135.32
SALE00939,2023-11-07,Beauty,23,26.11,1605.64,No,0.0,23,Fall,677.1
SALE00940,2023-11-08,Apparel,65,48.25,1373.36,No,0.0,53,Fall,3479.73
SALE00941,2023-11-08,Beauty,18,32.75,677.1,No,0.0,18,Fall,603.72
SALE00942,2023-11-08,Electronics,48,258.36,14015.61,No,0.0,39,Fall,14070.29
SALE00943,2023-11-09,Electronics,36,211.45,14070.29,No,0.0,34,Fall,8673.04
SALE00944,2023-11-09,Apparel,42,49.07,3479.73,No,0.0,26,Fall,2044.32
SALE00945,2023-11-10,Electronics,47,206.52,8673.04,No,0.0,41,Fall,10543.73
SALE00946,2023-11-10,Grocery,46,13.39,135.32,Yes,0.12,34,Fall,707.54
SALE00947,2023-11-10,Beauty,43,29.59,603.72,No,0.0,42,Fall,1296.53
SALE00948,2023-11-10,Apparel,29,45.16,2044.32,No,0.0,29,Fall,1282.71
SALE00949,2023-11-11,Sports,14,47.48,3135.47,No,0.0,9,Fall,845.62
SALE00950,2023-11-11,Electronics,33,227.5,10543.73,No,0.0,24,Fall,9438.1
SALE00951,2023-11-11,Grocery,17,13.78,707.54,No,0.0,12,Fall,301.42
SALE00952,2023-11-11,Apparel,31,52.55,1282.71,No,0.0,26,Fall,2202.58
SALE00953,2023-11-12,Electronics,41,241.89,9438.1,No,0.0,27,Fall,12665.98
SALE00954,2023-11-12,Home & Garden,36,75.26,2598.16,Yes,0.23,31,Fall,4220.11
SALE00955,2023-11-13,Grocery,22,13.8,301.42,No,0.0,20,Fall,355.35
SALE00956,2023-11-13,Beauty,46,26.11,1296.53,No,0.0,36,Fall,1289.45
SALE00957,2023-11-13,Sports,46,62.11,845.62,Yes,0.24,36,Fall,3911.84
SALE00958,2023-11-13,Apparel,39,49.13,2202.58,No,0.0,33,Fall,2058.95
SALE00959,2023-11-14,Home & Garden,44,76.93,4220.11,Yes,0.11,34,Fall,4162.73
SALE00960,2023-11-14,Apparel,44,40.6,2058.95,No,0.0,40,Fall,1822.2
SALE00961,2023-11-15,Home & Garden,38,72.8,4162.73,No,0.0,39,Fall,2974.31
SALE00962,2023-11-15,Beauty,30,35.21,1289.45,No,0.0,31,Fall,1042.53
SALE00963,2023-11-16,Electronics,32,240.58,12665.98,Yes,0.17,32,Fall,11503.36
SALE00964,2023-11-16,Grocery,1,13.31,355.35,Yes,0.12,5,Fall,17.7
SALE00965,2023-11-16,Sports,70,58.63,3911.84,No,0.0,49,Fall,4079.0
SALE00966,2023-11-16,Home & Garden,19,75.35,2974.31,Yes,0.29,17,Fall,2141.72
SALE00967,2023-11-17,Grocery,40,17.75,17.7,Yes,0.25,28,Fall,1116.92
SALE00968,2023-11-17,Electronics,41,192.73,11503.36,No,0.0,32,Fall,9177.07
SALE00969,2023-11-17,Sports,38,64.93,4079.0,No,0.0,28,Fall,2672.26
SALE00970,2023-11-18,Beauty,51,28.59,1042.53,No,0.0,52,Fall,1832.47
SALE00971,2023-11-18,Electronics,16,261.23,9177.07,Yes,0.1,9,Fall,6302.0
SALE00972,2023-11-18,Grocery,21,15.57,1116.92,Yes,0.22,18,Fall,562.35
SALE00973,2023-11-18,Sports,53,49.3,2672.26,No,0.0,55,Fall,3123.5
SALE00974,2023-11-19,Home & Garden,20,77.24,2141.72,Yes,0.09,12,Fall,2011.69
SALE00975,2023-11-19,Sports,59,48.44,3123.5,No,0.0,40,Fall,3551.36
SALE00976,2023-11-20,Grocery,46,16.19,562.35,Yes,0.24,38,Fall,1108.17
SALE00977,2023-11-20,Electronics,30,200.71,6302.0,Yes,0.22,25,Fall,8718.31
SALE00978,2023-11-21,Sports,26,55.6,3551.36,No,0.0,18,Fall,1554.35
SALE00979,2023-11-21,Apparel,30,52.03,1822.2,No,0.0,30,Fall,1616.79
SALE00980,2023-11-22,Apparel,39,50.88,1616.79,Yes,0.22,40,Fall,2902.42
SALE00981,2023-11-22,Beauty,37,30.01,1832.47,No,0.0,38,Fall,1234.98
SALE00982,2023-11-23,Apparel,31,46.91,2902.42,No,0.0,21,Fall,1502.71
SALE00983,2023-11-23,Electronics,56,189.7,8718.31,No,0.0,52,Fall,11199.35
SALE00984,2023-11-23,Home & Garden,48,61.0,2011.69,Yes,0.2,32,Fall,3986.83
SALE00985,2023-11-23,Beauty,15,35.2,1234.98,No,0.0,16,Fall,587.08
SALE00986,2023-11-24,Electronics,14,252.33,11199.35,Yes,0.16,9,Fall,4801.26
SALE00987,2023-11-24,Home & Garden,47,62.06,3986.83,Yes,0.12,36,Fall,3768.17
SALE00988,2023-11-25,Home & Garden,24,65.75,3768.17,No,0.0,15,Fall,2079.72
SALE00989,2023-11-25,Grocery,50,17.78,1108.17,No,0.0,38,Fall,1099.51
SALE00990,2023-11-25,Beauty,54,28.24,587.08,Yes,0.26,55,Fall,2412.84
SALE00991,2023-11-25,Apparel,38,53.32,1502.71,No,0.0,40,Fall,2570.24
SALE00992,2023-11-26,Home & Garden,19,59.45,2079.72,Yes,0.28,18,Fall,2031.99
SALE00993,2023-11-26,Electronics,50,191.73,4801.26,No,0.0,42,Fall,11760.46
SALE00994,2023-11-26,Beauty,38,33.97,2412.84,No,0.0,24,Fall,1725.7
SALE00995,2023-11-27,Electronics,29,200.79,11760.46,No,0.0,20,Fall,6453.15
SALE00996,2023-11-27,Sports,44,50.46,1554.35,No,0.0,30,Fall,2543.34
SALE00997,2023-11-27,Home & Garden,33,59.81,2031.99,Yes,0.26,34,Fall,3191.95
SALE00998,2023-11-28,Sports,23,50.63,2543.34,No,0.0,19,Fall,1362.45
SALE00999,2023-11-28,Apparel,34,41.46,2570.24,Yes,0.12,26,Fall,1735.55
SALE01000,2023-11-28,Home & Garden,59,63.26,3191.95,No,0.0,61,Fall,3870.8
SALE01001,2023-11-29,Electronics,35,,6453.15,No,0.0,22,Fall,9078.79
SALE01002,2023-11-29,Grocery,43,14.44,1099.51,No,0.0,44,Fall,683.19
SALE01003,2023-11-29,Sports,14,53.3,1362.45,Yes,0.26,,Fall,1170.73
SALE01004,2023-11-29,Apparel,25,42.03,1735.55,Yes,0.25,23,Fall,1658.88
SALE01005,2023-11-30,Sports,73,65.17,1170.73,No,0.0,45,Fall,5344.51
SALE01006,2023-11-30,Home & Garden,1,58.31,3870.8,No,0.0,5,Fall,57.17
SALE01007,2023-11-30,Grocery,34,13.13,683.19,No,0.0,33,Fall,521.8
SALE01008,2023-12-01,Grocery,43,14.02,521.8,Yes,0.12,35,Winter,790.42
SALE01009,2023-12-01,Sports,51,62.77,5344.51,No,0.0,53,Winter,3908.84
SALE01010,2023-12-01,Electronics,46,258.21,9078.79,Yes,0.11,,Winter,17961.37
SALE01011,2023-12-01,Home & Garden,47,58.42,57.17,Yes,0.19,31,Winter,4187.64
SALE01012,2023-12-02,Apparel,76,53.17,1658.88,No,0.0,64,Winter,5854.17
SALE01013,2023-12-02,Beauty,36,32.4,1725.7,No,0.0,31,Winter,1574.51
SALE01014,2023-12-02,Sports,55,58.78,3908.84,Yes,0.22,53,Winter,6077.92
SALE01015,2023-12-02,Grocery,56,13.5,790.42,Yes,0.08,49,Winter,1111.01
SALE01016,2023-12-03,Grocery,49,14.73,1111.01,No,0.0,47,Winter,902.05
SALE01017,2023-12-03,Electronics,24,215.13,17961.37,No,0.0,24,Winter,7772.7
SALE01018,2023-12-03,Home & Garden,49,74.09,4187.64,No,0.0,30,Winter,4787.63
SALE01019,2023-12-03,Apparel,38,45.61,5854.17,No,0.0,31,Winter,2475.73
SALE01020,2023-12-04,Apparel,14,53.93,2475.73,Yes,0.3,12,Winter,1327.07
SALE01021,2023-12-04,Home & Garden,23,56.73,4787.63,No,0.0,17,Winter,1438.8
SALE01022,2023-12-05,Home & Garden,28,74.63,1438.8,No,0.0,17,Winter,2320.37
SALE01023,2023-12-05,Apparel,47,49.65,1327.07,Yes,0.19,33,Winter,3397.81
SALE01024,2023-12-05,Sports,42,50.92,6077.92,No,0.0,37,Winter,2676.52
SALE01025,2023-12-05,Electronics,34,211.99,7772.7,Yes,0.16,35,Winter,11359.72
SALE01026,2023-12-06,Electronics,59,252.59,11359.72,No,0.0,60,Winter,19433.65
SALE01027,2023-12-06,Grocery,41,17.82,902.05,No,0.0,31,Winter,822.32
SALE01028,2023-12-06,Sports,14,52.63,2676.52,Yes,0.29,14,Winter,1206.66
SALE01029,2023-12-06,Apparel,34,41.61,3397.81,Yes,0.24,34,Winter,2252.66
SALE01030,2023-12-07,Electronics,47,206.33,19433.65,No,0.0,48,Winter,10765.95
SALE01031,2023-12-07,Home & Garden,53,73.13,2320.37,Yes,0.12,46,Winter,5057.17
SALE01032,2023-12-07,Grocery,40,17.65,822.32,No,0.0,26,Winter,884.24
SALE01033,2023-12-08,Beauty,55,31.07,1574.51,No,0.0,54,Winter,1939.31
SALE01034,2023-12-08,Home & Garden,33,68.38,5057.17,No,0.0,29,Winter,2462.76
SALE01035,2023-12-09,Electronics,15,211.04,10765.95,Yes,0.21,13,Winter,5361.88
SALE01036,2023-12-09,Beauty,56,30.05,1939.31,No,0.0,41,Winter,2196.51
SALE01037,2023-12-09,Apparel,27,45.2,2252.66,No,0.0,22,Winter,1703.34
SALE01038,2023-12-10,Apparel,52,52.49,1703.34,Yes,0.15,52,Winter,4843.89
SALE01039,2023-12-10,Electronics,34,191.91,5361.88,Yes,0.27,30,Winter,13792.17
SALE01040,2023-12-10,Beauty,41,34.73,2196.51,Yes,0.3,40,Winter,2970.18
SALE01041,2023-12-11,Apparel,53,41.96,4843.89,No,0.0,32,Winter,2568.51
SALE01042,2023-12-11,Electronics,50,208.6,13792.17,No,0.0,53,Winter,12513.63
SALE01043,2023-12-12,Home & Garden,27,77.07,2462.76,No,0.0,19,Winter,2545.44
SALE01044,2023-12-12,Beauty,44,32.98,2970.18,Yes,0.14,47,Winter,2112.91
SALE01045,2023-12-12,Sports,46,60.0,1206.66,No,0.0,34,Winter,3010.56
SALE01046,2023-12-12,Grocery,50,13.87,884.24,No,0.0,33,Winter,765.1
SALE01047,2023-12-13,Home & Garden,21,74.05,2545.44,No,0.0,14,Winter,1845.15
SALE01048,2023-12-13,Electronics,59,237.15,12513.63,No,0.0,61,Winter,16524.42
SALE01049,2023-12-14,Electronics,46,255.81,16524.42,Yes,0.15,35,Winter,16233.05
SALE01050,2023-12-14,Apparel,55,44.02,2568.51,Yes,0.17,58,Winter,3684.27
SALE01051,2023-12-14,Sports,48,57.28,3010.56,No,0.0,32,Winter,3270.69
SALE01052,2023-12-14,Home & Garden,44,69.84,1845.15,Yes,0.19,35,Winter,4824.19
SALE01053,2023-12-15,Home & Garden,58,62.53,4824.19,No,0.0,59,Winter,4579.99
SALE01054,2023-12-15,Grocery,16,13.18,765.1,No,0.0,16,Winter,232.45
SALE01055,2023-12-15,Beauty,32,33.28,2112.91,No,0.0,33,Winter,1288.15
SALE01056,2023-12-16,Beauty,21,30.46,1288.15,Yes,0.08,18,Winter,909.41
SALE01057,2023-12-16,Grocery,60,13.66,232.45,Yes,0.19,36,Winter,1390.55
SALE01058,2023-12-16,Home & Garden,29,56.02,4579.99,No,0.0,30,Winter,2132.75
SALE01059,2023-12-17,Apparel,35,47.04,3684.27,No,0.0,29,Winter,2271.49
SALE01060,2023-12-17,Grocery,52,13.64,1390.55,No,0.0,52,Winter,986.1
SALE01061,2023-12-17,Sports,49,63.85,3270.69,No,0.0,41,Winter,4355.72
SALE01062,2023-12-17,Electronics,30,248.4,16233.05,No,0.0,25,Winter,11183.29
SALE01063,2023-12-18,Home & Garden,59,64.53,2132.75,No,0.0,50,Winter,4747.72
SALE01064,2023-12-18,Electronics,31,251.9,11183.29,No,0.0,30,Winter,10016.81
SALE01065,2023-12-19,Home & Garden,50,66.6,4747.72,No,0.0,34,Winter,4165.79
SALE01066,2023-12-19,Electronics,37,244.68,10016.81,Yes,0.28,23,Winter,14795.38
SALE01067,2023-12-19,Sports,33,65.26,4355.72,No,0.0,32,Winter,2826.19
SALE01068,2023-12-20,Apparel,52,53.65,2271.49,No,0.0,55,Winter,3293.47
SALE01069,2023-12-20,Beauty,43,34.4,909.41,No,0.0,39,Winter,1708.75
SALE01070,2023-12-20,Electronics,28,257.08,14795.38,No,0.0,25,Winter,8238.76
SALE01071,2023-12-21,Grocery,11,16.96,986.1,No,0.0,10,Winter,211.42
SALE01072,2023-12-21,Beauty,48,33.49,1708.75,Yes,0.3,48,Winter,2746.52
SALE01073,2023-12-21,Electronics,44,194.04,8238.76,No,0.0,44,Winter,10123.18
SALE01074,2023-12-21,Apparel,47,39.75,3293.47,Yes,0.3,36,Winter,3534.66
SALE01075,2023-12-22,Electronics,44,188.56,10123.18,Yes,0.13,33,Winter,13026.54
SALE01076,2023-12-22,Sports,54,57.78,2826.19,No,0.0,49,Winter,3654.47
SALE01077,2023-12-22,Grocery,24,14.23,211.42,No,0.0,19,Winter,413.65
SALE01078,2023-12-22,Beauty,18,26.81,2746.52,Yes,0.28,11,Winter,808.76
SALE01079,2023-12-23,Grocery,36,13.68,413.65,No,0.0,38,Winter,651.49
SALE01080,2023-12-23,Apparel,46,43.02,3534.66,No,0.0,47,Winter,2901.57
SALE01081,2023-12-24,Electronics,50,234.99,13026.54,No,0.0,37,Winter,15318.68
SALE01082,2023-12-24,Beauty,52,32.05,808.76,No,0.0,32,Winter,2250.08
SALE01083,2023-12-24,Sports,39,60.52,3654.47,Yes,0.13,30,Winter,4017.34
SALE01084,2023-12-25,Grocery,50,15.53,651.49,No,0.0,46,Winter,875.35
SALE01085,2023-12-25,Beauty,50,31.08,2250.08,Yes,0.07,49,Winter,2228.57
SALE01086,2023-12-25,Home & Garden,37,73.79,4165.79,No,0.0,33,Winter,3381.26
SALE01087,2023-12-26,Home & Garden,68,62.22,3381.26,Yes,0.21,42,Winter,6690.16
SALE01088,2023-12-26,Electronics,27,247.52,15318.68,Yes,0.18,22,Winter,9628.76
SALE01089,2023-12-26,Apparel,18,40.49,2901.57,Yes,0.24,18,Winter,1189.48
SALE01090,2023-12-26,Sports,62,51.72,4017.34,Yes,0.07,45,Winter,3975.56
SALE01091,2023-12-27,Grocery,38,16.12,875.35,No,0.0,33,Winter,778.04
SALE01092,2023-12-27,Electronics,50,244.98,9628.76,No,0.0,42,Winter,13745.19
SALE01093,2023-12-27,Apparel,49,45.15,1189.48,No,0.0,50,Winter,2722.76
SALE01094,2023-12-27,Sports,24,62.98,3975.56,No,0.0,25,Winter,1932.98
SALE01095,2023-12-28,Apparel,31,40.11,2722.76,No,0.0,30,Winter,1522.57
SALE01096,2023-12-28,Grocery,41,13.15,778.04,No,0.0,33,Winter,632.92
SALE01097,2023-12-29,Apparel,42,48.61,1522.57,No,0.0,37,Winter,2444.98
SALE01098,2023-12-29,Electronics,61,248.52,13745.19,No,0.0,36,Winter,16909.76
SALE01099,2023-12-29,Home & Garden,25,63.19,6690.16,Yes,0.09,,Winter,2029.36
SALE01100,2023-12-30,Grocery,50,13.91,632.92,Yes,0.08,41,Winter,1020.48
SALE01101,2023-12-30,Home & Garden,64,57.67,2029.36,No,0.0,56,Winter,5191.95
SALE01102,2023-12-30,Beauty,20,29.04,2228.57,No,0.0,13,Winter,841.5
SALE01103,2023-12-30,Sports,46,59.9,1932.98,Yes,0.08,41,Winter,4403.71
SALE01104,2023-12-31,Electronics,37,253.97,16909.76,Yes,0.21,36,Winter,16280.12
SALE01105,2023-12-31,Home & Garden,28,62.68,5191.95,No,0.0,21,Winter,2567.33
SALE01106,2024-01-01,Sports,48,52.81,4403.71,Yes,0.16,37,Winter,3597.42
SALE01107,2024-01-01,Home & Garden,38,68.31,2567.33,No,0.0,37,Winter,3356.73
SALE01108,2024-01-01,Apparel,38,40.98,2444.98,Yes,0.05,22,Winter,2109.16
SALE01109,2024-01-02,Beauty,54,30.57,841.5,No,0.0,47,Winter,2148.56
SALE01110,2024-01-02,Home & Garden,65,72.78,3356.73,Yes,0.07,68,Winter,6710.18
SALE01111,2024-01-02,Electronics,42,263.53,16280.12,No,0.0,40,Winter,13436.53
SALE01112,2024-01-02,Grocery,20,17.72,1020.48,Yes,0.08,14,Winter,473.54
SALE01113,2024-01-03,Electronics,48,230.12,13436.53,No,0.0,33,Winter,14484.97
SALE01114,2024-01-03,Grocery,18,14.52,473.54,No,0.0,15,Winter,343.95
SALE01115,2024-01-03,Home & Garden,34,75.28,6710.18,No,0.0,36,Winter,2820.19
SALE01116,2024-01-03,Apparel,23,45.71,2109.16,No,0.0,17,Winter,1327.2
SALE01117,2024-01-04,Electronics,65,259.04,14484.97,No,0.0,41,Winter,20628.48
SALE01118,2024-01-04,Grocery,56,16.89,343.95,No,0.0,55,Winter,1155.54
SALE01119,2024-01-04,Beauty,55,30.25,2148.56,Yes,0.22,56,Winter,2511.67
SALE01120,2024-01-05,Electronics,53,233.14,20628.48,No,0.0,36,Winter,15981.88
SALE01121,2024-01-05,Sports,28,61.81,3597.42,No,0.0,25,Winter,1901.77
SALE01122,2024-01-06,Home & Garden,48,60.0,2820.19,No,0.0,50,Winter,4176.02
SALE01123,2024-01-06,Grocery,46,17.13,1155.54,No,0.0,29,Winter,1148.78
SALE01124,2024-01-06,Apparel,47,50.75,1327.2,Yes,0.07,39,Winter,4065.2
SALE01125,2024-01-06,Beauty,29,,2511.67,Yes,0.22,22,Winter,1618.87
SALE01126,2024-01-07,Grocery,58,16.11,1148.78,No,0.0,38,Winter,1339.46
SALE01127,2024-01-07,Beauty,47,28.03,1618.87,No,0.0,50,Winter,1693.11
SALE01128,2024-01-07,Sports,27,62.35,1901.77,No,0.0,25,Winter,2214.07
SALE01129,2024-01-08,Beauty,18,28.69,1693.11,No,0.0,14,Winter,633.23
SALE01130,2024-01-08,Grocery,52,16.6,1339.46,No,0.0,38,Winter,1042.38
SALE01131,2024-01-08,Sports,42,65.18,2214.07,No,0.0,42,Winter,3546.19
SALE01132,2024-01-09,Electronics,69,194.87,15981.88,No,0.0,57,Winter,15268.53
SALE01133,2024-01-09,Home & Garden,9,60.49,4176.02,Yes,0.2,8,Winter,798.88
SALE01134,2024-01-09,Beauty,17,33.6,633.23,No,0.0,11,Winter,656.57
SALE01135,2024-01-10,Beauty,29,31.59,656.57,Yes,0.09,29,Winter,1180.08
SALE01136,2024-01-10,Sports,48,59.89,3546.19,Yes,0.19,44,Winter,4411.13
SALE01137,2024-01-11,Apparel,26,38.8,4065.2,No,0.0,17,Winter,1303.64
SALE01138,2024-01-11,Beauty,42,27.51,1180.08,No,0.0,42,Winter,1443.43
SALE01139,2024-01-11,Home & Garden,35,59.39,798.88,Yes,0.16,24,Winter,3385.76
SALE01140,2024-01-11,Electronics,44,237.23,15268.53,No,0.0,31,Winter,12992.2
SALE01141,2024-01-12,Beauty,50,31.48,1443.43,No,0.0,53,Winter,1942.15
SALE01142,2024-01-12,Apparel,18,,1303.64,No,0.0,17,Winter,1104.92
SALE01143,2024-01-12,Grocery,72,17.59,1042.38,No,0.0,54,Winter,1419.73
SALE01144,2024-01-12,Electronics,49,196.68,12992.2,No,0.0,38,Winter,12683.97
SALE01145,2024-01-13,Sports,51,48.43,4411.13,No,0.0,41,Winter,3216.16
SALE01146,2024-01-13,Apparel,53,39.93,1104.92,No,0.0,43,Winter,2994.49
SALE01147,2024-01-13,Electronics,21,226.0,12683.97,Yes,0.21,16,Winter,8650.21
SALE01148,2024-01-13,Home & Garden,42,67.81,3385.76,Yes,0.14,32,Winter,4534.65
SALE01149,2024-01-14,Beauty,42,26.6,1942.15,Yes,0.27,26,Winter,2343.28
SALE01150,2024-01-14,Apparel,44,45.01,2994.49,No,0.0,27,Winter,2807.27
SALE01151,2024-01-14,Electronics,44,205.18,8650.21,No,0.0,31,Winter,12278.74
SALE01152,2024-01-14,Sports,61,47.44,3216.16,No,0.0,62,Winter,4250.63
SALE01153,2024-01-15,Apparel,48,43.06,2807.27,No,0.0,38,Winter,2373.61
SALE01154,2024-01-15,Home & Garden,47,65.16,4534.65,No,0.0,30,Winter,3407.31
SALE01155,2024-01-15,Beauty,28,30.56,2343.28,No,0.0,21,Winter,1118.35
SALE01156,2024-01-15,Electronics,23,200.85,12278.74,No,0.0,22,Winter,5195.42
SALE01157,2024-01-16,Beauty,37,30.12,1118.35,No,0.0,,Winter,1476.6
SALE01158,2024-01-16,Sports,29,49.94,4250.63,No,0.0,21,Winter,1686.01
SALE01159,2024-01-17,Beauty,47,28.3,1476.6,No,0.0,37,Winter,1743.86
SALE01160,2024-01-17,Apparel,55,53.12,2373.61,No,0.0,60,Winter,3427.29
SALE01161,2024-01-17,Electronics,44,196.22,5195.42,No,0.0,35,Winter,11259.86
SALE01162,2024-01-17,Grocery,56,17.46,1419.73,No,0.0,54,Winter,1196.99
SALE01163,2024-01-18,Beauty,38,31.67,1743.86,Yes,0.13,38,Winter,1840.79
SALE01164,2024-01-18,Electronics,27,244.7,11259.86,No,0.0,24,Winter,7468.56
SALE01165,2024-01-19,Electronics,56,219.51,7468.56,No,0.0,40,Winter,15245.29
SALE01166,2024-01-19,Apparel,44,48.98,3427.29,No,0.0,44,Winter,2629.91
SALE01167,2024-01-19,Home & Garden,36,69.26,3407.31,Yes,0.23,29,Winter,4428.17
SALE01168,2024-01-19,Sports,30,54.86,1686.01,No,0.0,25,Winter,2121.05
SALE01169,2024-01-20,Apparel,36,45.75,2629.91,Yes,0.13,38,Winter,2797.89
SALE01170,2024-01-20,Sports,43,49.35,2121.05,No,0.0,40,Winter,3210.3
SALE01171,2024-01-21,Apparel,44,49.2,2797.89,No,0.0,45,Winter,2845.16
SALE01172,2024-01-21,Sports,39,52.29,3210.3,No,0.0,24,Winter,2788.18
SALE01173,2024-01-21,Electronics,72,252.7,15245.29,No,0.0,64,Winter,26768.4
SALE01174,2024-01-21,Home & Garden,51,55.55,4428.17,Yes,0.16,37,Winter,4827.83
SALE01175,2024-01-22,Beauty,13,35.33,1840.79,Yes,0.06,12,Winter,652.17
SALE01176,2024-01-22,Electronics,38,213.38,26768.4,Yes,0.14,29,Winter,11053.48
SALE01177,2024-01-22,Apparel,46,42.75,2845.16,No,0.0,45,Winter,2344.87
SALE01178,2024-01-23,Sports,24,55.76,2788.18,No,0.0,14,Winter,1678.82
SALE01179,2024-01-23,Home & Garden,34,76.31,4827.83,No,0.0,22,Winter,3476.33
SALE01180,2024-01-23,Apparel,26,50.88,2344.87,No,0.0,23,Winter,1685.45
SALE01181,2024-01-23,Grocery,53,14.13,1196.99,No,0.0,41,Winter,856.7
SALE01182,2024-01-24,Beauty,32,35.13,652.17,No,0.0,32,Winter,1368.93
SALE01183,2024-01-24,Sports,42,62.73,1678.82,No,0.0,39,Winter,3188.75
SALE01184,2024-01-24,Apparel,45,47.16,1685.45,No,0.0,45,Winter,2741.59
SALE01185,2024-01-25,Home & Garden,29,,3476.33,No,0.0,21,Winter,2728.88
SALE01186,2024-01-25,Apparel,31,41.14,2741.59,Yes,0.1,29,Winter,1736.17
SALE01187,2024-01-25,Sports,53,62.13,3188.75,No,0.0,52,Winter,4104.61
SALE01188,2024-01-26,Sports,35,55.55,4104.61,No,0.0,21,Winter,2483.23
SALE01189,2024-01-26,Apparel,44,43.98,1736.17,Yes,0.23,38,Winter,3458.5
SALE01190,2024-01-27,Sports,12,54.14,2483.23,Yes,0.24,8,Winter,1308.59
SALE01191,2024-01-27,Beauty,4,32.36,1368.93,No,0.0,5,Winter,185.55
SALE01192,2024-01-27,Electronics,46,213.08,11053.48,Yes,0.28,49,Winter,21721.06
SALE01193,2024-01-27,Home & Garden,44,55.35,2728.88,No,0.0,41,Winter,3371.29
SALE01194,2024-01-28,Home & Garden,43,64.1,3371.29,Yes,0.1,35,Winter,4638.68
SALE01195,2024-01-28,Grocery,32,14.11,856.7,No,0.0,19,Winter,627.3
SALE01196,2024-01-28,Electronics,37,226.72,21721.06,No,0.0,27,Winter,12253.8
SALE01197,2024-01-29,Electronics,15,243.46,12253.8,No,0.0,13,Winter,4205.79
SALE01198,2024-01-29,Home & Garden,23,76.67,4638.68,No,0.0,15,Winter,2317.98
SALE01199,2024-01-29,Grocery,1,15.18,627.3,No,0.0,5,Winter,19.4
SALE01200,2024-01-29,Beauty,46,26.41,185.55,No,0.0,31,Winter,1418.94
SALE01201,2024-01-30,Electronics,47,219.48,4205.79,Yes,0.22,29,Winter,18552.77
SALE01202,2024-01-30,Beauty,44,29.01,1418.94,No,0.0,29,Winter,1471.91
SALE01203,2024-01-30,Sports,17,56.46,1308.59,No,0.0,18,Winter,1165.32
SALE01204,2024-01-31,Beauty,25,31.9,1471.91,No,0.0,16,Winter,893.58
SALE01205,2024-01-31,Electronics,40,224.67,18552.77,No,0.0,42,Winter,10917.75
SALE01206,2024-02-01,Home & Garden,55,57.47,2317.98,Yes,0.13,37,Winter,4220.65
SALE01207,2024-02-01,Apparel,55,46.66,3458.5,No,0.0,43,Winter,3174.33
SALE01208,2024-02-02,Beauty,38,32.31,893.58,No,0.0,35,Winter,1522.82
SALE01209,2024-02-02,Home & Garden,38,65.91,4220.65,Yes,0.23,23,Winter,4356.59
SALE01210,2024-02-03,Beauty,37,34.01,1522.82,Yes,0.14,27,Winter,1964.1
SALE01211,2024-02-03,Home & Garden,4,68.86,4356.59,No,0.0,5,Winter,360.36
SALE01212,2024-02-04,Electronics,71,206.06,10917.75,Yes,0.28,50,Winter,30452.37
SALE01213,2024-02-04,Sports,19,50.67,1165.32,No,0.0,15,Winter,1418.24
SALE01214,2024-02-04,Home & Garden,27,76.36,360.36,Yes,0.29,20,Winter,4250.25
SALE01215,2024-02-04,Beauty,17,32.56,1964.1,No,0.0,10,Winter,834.82
SALE01216,2024-02-05,Electronics,46,241.96,30452.37,No,0.0,28,Winter,14880.56
SALE01217,2024-02-05,Sports,54,62.54,1418.24,No,0.0,49,Winter,4395.98
SALE01218,2024-02-06,Grocery,37,17.85,19.4,No,0.0,24,Winter,755.57
SALE01219,2024-02-06,Beauty,39,35.92,834.82,No,0.0,31,Winter,1819.44
SALE01220,2024-02-06,Sports,70,65.59,4395.98,No,0.0,60,Winter,5263.82
SALE01221,2024-02-06,Electronics,31,215.51,14880.56,No,0.0,19,Winter,8155.09
SALE01222,2024-02-07,Electronics,33,194.26,8155.09,No,0.0,35,Winter,7326.26
SALE01223,2024-02-07,Grocery,38,17.74,755.57,No,0.0,22,Winter,832.97
SALE01224,2024-02-08,Beauty,30,31.83,1819.44,No,0.0,29,Winter,1227.73
SALE01225,2024-02-08,Sports,59,54.33,5263.82,No,0.0,39,Winter,3966.5
SALE01226,2024-02-08,Apparel,36,52.69,3174.33,No,0.0,39,Winter,2408.07
SALE01227,2024-02-08,Grocery,28,14.78,832.97,No,0.0,28,Winter,514.2
SALE01228,2024-02-09,Electronics,26,240.62,7326.26,No,0.0,27,Winter,8253.65
SALE01229,2024-02-09,Beauty,69,30.52,1227.73,Yes,0.09,70,Winter,3133.3
SALE01230,2024-02-10,Electronics,50,194.23,8253.65,No,0.0,54,Winter,14814.74
SALE01231,2024-02-10,Sports,62,65.19,3966.5,No,0.0,45,Winter,5317.65
SALE01232,2024-02-10,Grocery,36,16.81,514.2,No,0.0,33,Winter,844.25
SALE01233,2024-02-10,Apparel,40,50.99,2408.07,No,0.0,37,Winter,2994.57
SALE01234,2024-02-11,Sports,39,47.45,5317.65,No,0.0,41,Winter,2683.76
SALE01235,2024-02-11,Electronics,28,260.03,14814.74,No,0.0,17,Winter,9479.44
SALE01236,2024-02-11,Beauty,41,32.36,3133.3,Yes,0.21,39,Winter,2607.85
SALE01237,2024-02-12,Electronics,14,229.36,9479.44,No,0.0,15,Winter,4059.48
SALE01238,2024-02-12,Home & Garden,44,59.39,4250.25,No,0.0,33,Winter,3167.21
SALE01239,2024-02-13,Beauty,44,27.92,2607.85,No,0.0,30,Winter,1399.54
SALE01240,2024-02-13,Electronics,9,229.67,4059.48,No,0.0,6,Winter,2629.15
SALE01241,2024-02-14,Home & Garden,28,76.76,3167.21,Yes,0.12,25,Winter,3334.64
SALE01242,2024-02-14,Sports,43,58.79,2683.76,No,0.0,,Winter,2908.16
SALE01243,2024-02-15,Grocery,38,13.06,844.25,No,0.0,23,Winter,563.97
SALE01244,2024-02-15,Sports,35,63.78,2908.16,No,0.0,38,Winter,2958.68
SALE01245,2024-02-15,Apparel,51,40.08,2994.57,Yes,0.22,45,Winter,3281.18
SALE01246,2024-02-15,Beauty,62,35.76,1399.54,Yes,0.25,39,Winter,3897.99
SALE01247,2024-02-16,Sports,45,47.08,2958.68,Yes,0.14,39,Winter,3190.44
SALE01248,2024-02-16,Home & Garden,40,72.04,3334.64,No,0.0,28,Winter,3245.12
SALE01249,2024-02-17,Beauty,68,32.86,3897.99,Yes,0.26,58,Winter,4269.34
SALE01250,2024-02-17,Apparel,54,40.43,3281.18,No,0.0,,Winter,2922.04
SALE01251,2024-02-18,Grocery,37,13.95,563.97,No,0.0,22,Winter,737.01
SALE01252,2024-02-18,Home & Garden,47,66.61,3245.12,No,0.0,44,Winter,4587.97
SALE01253,2024-02-18,Sports,59,63.96,3190.44,No,0.0,38,Winter,5257.12
SALE01254,2024-02-18,Beauty,51,27.55,4269.34,No,0.0,44,Winter,2091.96
SALE01255,2024-02-19,Sports,12,49.15,5257.12,No,0.0,12,Winter,662.86
SALE01256,2024-02-19,Beauty,46,26.63,2091.96,No,0.0,44,Winter,1470.97
SALE01257,2024-02-19,Grocery,33,16.78,737.01,Yes,0.25,36,Winter,940.43
SALE01258,2024-02-20,Home & Garden,23,70.07,4587.97,Yes,0.14,13,Winter,2299.68
SALE01259,2024-02-20,Grocery,46,12.84,940.43,No,0.0,31,Winter,727.86
SALE01260,2024-02-21,Apparel,20,41.06,2922.04,No,0.0,21,Winter,947.6
SALE01261,2024-02-21,Beauty,17,32.65,1470.97,No,0.0,17,Winter,685.45
SALE01262,2024-02-22,Electronics,52,240.66,2629.15,Yes,0.11,49,Winter,18434.13
SALE01263,2024-02-22,Sports,49,49.81,662.86,No,0.0,30,Winter,3003.32
SALE01264,2024-02-22,Home & Garden,56,64.41,2299.68,No,0.0,43,Winter,4799.35
SALE01265,2024-02-22,Beauty,55,32.76,685.45,Yes,0.26,54,Winter,3438.73
SALE01266,2024-02-23,Sports,16,62.71,3003.32,No,0.0,10,Winter,1207.21
SALE01267,2024-02-23,Electronics,4,263.36,18434.13,No,0.0,5,Winter,1409.18
SALE01268,2024-02-23,Home & Garden,39,60.8,4799.35,No,0.0,29,Winter,2678.65
SALE01269,2024-02-24,Electronics,31,206.75,1409.18,No,0.0,26,Winter,9116.77
SALE01270,2024-02-24,Sports,39,62.1,1207.21,No,0.0,39,Winter,3436.59
SALE01271,2024-02-24,Grocery,22,16.89,727.86,No,0.0,13,Winter,561.87
SALE01272,2024-02-24,Apparel,22,49.05,947.6,No,0.0,15,Winter,1451.36
SALE01273,2024-02-25,Electronics,75,190.15,9116.77,No,0.0,45,Winter,18800.56
SALE01274,2024-02-25,Home & Garden,42,71.92,2678.65,No,0.0,32,Winter,3983.2
SALE01275,2024-02-26,Beauty,34,34.67,3438.73,No,0.0,35,Winter,1313.51
SALE01276,2024-02-26,Home & Garden,14,70.91,3983.2,Yes,0.16,12,Winter,1432.21
SALE01277,2024-02-27,Grocery,25,14.13,561.87,Yes,0.19,15,Winter,601.52
SALE01278,2024-02-27,Home & Garden,11,72.02,1432.21,No,0.0,7,Winter,1065.55
SALE01279,2024-02-28,Home & Garden,30,58.99,1065.55,No,0.0,30,Winter,2248.08
SALE01280,2024-02-28,Apparel,26,46.15,1451.36,Yes,0.12,26,Winter,1672.2
SALE01281,2024-02-29,Beauty,40,31.67,1313.51,Yes,0.21,37,Winter,2042.35
SALE01282,2024-02-29,Grocery,52,16.37,601.52,No,0.0,44,Winter,1154.32
SALE01283,2024-03-01,Beauty,10,32.73,2042.35,No,0.0,9,Spring,379.39
SALE01284,2024-03-01,Sports,40,59.15,3436.59,Yes,0.22,29,Spring,3906.52
SALE01285,2024-03-01,Apparel,23,47.12,1672.2,Yes,0.17,23,Spring,1606.74
SALE01286,2024-03-02,Home & Garden,29,74.67,2248.08,No,0.0,25,Spring,2845.72
SALE01287,2024-03-02,Apparel,16,53.56,1606.74,No,0.0,11,Spring,1104.36
SALE01288,2024-03-02,Grocery,42,,1154.32,Yes,0.08,42,Spring,777.49
SALE01289,2024-03-03,Home & Garden,35,68.29,2845.72,No,0.0,27,Spring,2985.23
SALE01290,2024-03-03,Grocery,38,17.37,777.49,Yes,0.05,23,Spring,879.15
SALE01291,2024-03-03,Sports,34,51.3,3906.52,Yes,0.27,33,Spring,3333.4
SALE01292,2024-03-04,Sports,51,54.54,3333.4,No,0.0,50,Spring,3248.66
SALE01293,2024-03-04,Electronics,21,260.02,18800.56,No,0.0,16,Spring,5743.26
SALE01294,2024-03-04,Home & Garden,40,58.37,2985.23,No,0.0,28,Spring,2434.38
SALE01295,2024-03-05,Electronics,39,254.31,5743.26,No,0.0,36,Spring,10318.16
SALE01296,2024-03-05,Sports,44,57.92,3248.66,Yes,0.3,41,Spring,4337.03
SALE01297,2024-03-05,Apparel,14,45.84,1104.36,No,0.0,14,Spring,782.04
SALE01298,2024-03-06,Electronics,21,191.02,10318.16,No,0.0,22,Spring,4459.0
SALE01299,2024-03-06,Beauty,49,32.36,379.39,No,0.0,30,Spring,1770.11
SALE01300,2024-03-07,Electronics,31,219.6,4459.0,Yes,0.06,29,Spring,8301.57
SALE01301,2024-03-07,Home & Garden,62,56.7,2434.38,Yes,0.08,41,Spring,4208.46
SALE01302,2024-03-08,Electronics,43,256.04,8301.57,No,0.0,45,Spring,12176.43
SALE01303,2024-03-08,Sports,57,54.01,4337.03,Yes,0.17,56,Spring,4802.94
SALE01304,2024-03-08,Apparel,21,40.63,782.04,No,0.0,12,Spring,928.23
SALE01305,2024-03-08,Grocery,43,16.03,879.15,No,0.0,38,Spring,737.28
SALE01306,2024-03-09,Sports,41,49.61,4802.94,No,0.0,33,Spring,2480.37
SALE01307,2024-03-09,Electronics,20,199.22,12176.43,Yes,0.18,18,Spring,7280.22
SALE01308,2024-03-09,Apparel,45,43.61,928.23,No,0.0,33,Spring,2318.14
SALE01309,2024-03-10,Electronics,25,248.48,7280.22,No,0.0,22,Spring,8732.56
SALE01310,2024-03-10,Apparel,32,45.41,2318.14,No,0.0,22,Spring,2018.02
SALE01311,2024-03-10,Sports,23,55.33,2480.37,No,0.0,15,Spring,1688.21
SALE01312,2024-03-11,Sports,53,54.45,1688.21,No,0.0,51,Spring,3414.94
SALE01313,2024-03-11,Electronics,45,240.34,8732.56,No,0.0,49,Spring,11362.36
SALE01314,2024-03-11,Home & Garden,8,76.95,4208.46,No,0.0,6,Spring,749.51
SALE01315,2024-03-11,Apparel,50,43.79,2018.02,No,0.0,35,Spring,2640.04
SALE01316,2024-03-12,Home & Garden,21,56.8,749.51,No,0.0,14,Spring,1419.29
SALE01317,2024-03-12,Sports,57,51.66,3414.94,Yes,0.25,44,Spring,4583.05
SALE01318,2024-03-12,Apparel,52,44.78,2640.04,No,0.0,50,Spring,2730.44
SALE01319,2024-03-13,Grocery,40,16.88,737.28,Yes,0.16,36,Spring,1007.56
SALE01320,2024-03-13,Apparel,31,43.75,2730.44,Yes,0.2,20,Spring,1893.12
SALE01321,2024-03-14,Home & Garden,38,70.07,1419.29,No,0.0,37,Spring,3054.04
SALE01322,2024-03-14,Apparel,50,52.23,1893.12,No,0.0,46,Spring,3088.35
SALE01323,2024-03-15,Electronics,40,192.35,11362.36,Yes,0.07,26,Spring,9067.61
SALE01324,2024-03-15,Home & Garden,66,60.12,3054.04,No,0.0,72,Spring,4667.84
SALE01325,2024-03-15,Apparel,45,44.66,3088.35,No,0.0,47,Spring,2042.82
SALE01326,2024-03-15,Sports,52,48.41,4583.05,No,0.0,32,Spring,2560.69
SALE01327,2024-03-16,Home & Garden,41,56.52,4667.84,Yes,0.07,32,Spring,3017.26
SALE01328,2024-03-16,Sports,45,52.48,2560.69,No,0.0,30,Spring,3282.51
SALE01329,2024-03-17,Home & Garden,33,64.95,3017.26,No,0.0,26,Spring,2809.81
SALE01330,2024-03-17,Apparel,31,45.72,2042.82,No,0.0,24,Spring,1729.63
SALE01331,2024-03-17,Grocery,26,15.16,1007.56,Yes,0.27,20,Spring,788.92
SALE01332,2024-03-17,Beauty,29,29.43,1770.11,No,0.0,24,Spring,1082.13
SALE01333,2024-03-18,Electronics,7,244.11,9067.61,No,0.0,5,Spring,2071.64
SALE01334,2024-03-18,Sports,45,56.86,3282.51,No,0.0,44,Spring,2935.54
SALE01335,2024-03-18,Home & Garden,34,69.86,2809.81,No,0.0,31,Spring,2577.43
SALE01336,2024-03-19,Electronics,54,249.85,2071.64,Yes,0.23,47,Spring,20688.73
SALE01337,2024-03-19,Grocery,36,14.23,788.92,Yes,0.11,22,Spring,630.82
SALE01338,2024-03-20,Apparel,49,44.15,1729.63,No,0.0,50,Spring,2459.33
SALE01339,2024-03-20,Home & Garden,42,67.12,2577.43,Yes,0.12,29,Spring,3907.3
SALE01340,2024-03-20,Sports,39,59.07,2935.54,No,0.0,38,Spring,2472.88
SALE01341,2024-03-21,Beauty,30,35.26,1082.13,No,0.0,23,Spring,1242.25
SALE01342,2024-03-21,Grocery,42,16.29,630.82,No,0.0,41,Spring,766.34
SALE01343,2024-03-22,Beauty,40,28.72,1242.25,No,0.0,35,Spring,1333.62
SALE01344,2024-03-22,Electronics,55,194.37,20688.73,No,0.0,44,Spring,13040.44
SALE01345,2024-03-22,Home & Garden,23,56.78,3907.3,No,0.0,21,Spring,1390.59
SALE01346,2024-03-23,Electronics,24,229.66,13040.44,Yes,0.11,21,Spring,8182.93
SALE01347,2024-03-23,Home & Garden,47,74.22,1390.59,Yes,0.29,38,Spring,6120.62
SALE01348,2024-03-24,Electronics,52,221.88,8182.93,Yes,0.24,42,Spring,22286.79
SALE01349,2024-03-24,Apparel,40,44.49,2459.33,No,0.0,31,Spring,2471.06
SALE01350,2024-03-24,Sports,58,51.76,2472.88,No,0.0,63,Spring,4153.18
SALE01351,2024-03-24,Home & Garden,62,72.38,6120.62,Yes,0.06,47,Spring,5994.24
SALE01352,2024-03-25,Electronics,29,257.65,22286.79,Yes,0.14,21,Spring,11361.0
SALE01353,2024-03-25,Beauty,26,28.59,1333.62,No,0.0,26,Spring,866.84
SALE01354,2024-03-25,Grocery,57,16.54,766.34,No,0.0,47,Spring,1026.09
SALE01355,2024-03-26,Apparel,34,46.76,2471.06,No,0.0,36,Spring,1822.3
SALE01356,2024-03-26,Electronics,28,246.86,11361.0,Yes,0.23,18,Spring,11314.14
SALE01357,2024-03-27,Electronics,10,243.19,11314.14,No,0.0,8,Spring,2685.61
SALE01358,2024-03-27,Beauty,30,29.33,866.84,Yes,0.11,20,Spring,1126.4
SALE01359,2024-03-28,Sports,61,49.92,4153.18,No,0.0,61,Spring,3293.61
SALE01360,2024-03-28,Beauty,54,27.82,1126.4,No,0.0,41,Spring,1813.08
SALE01361,2024-03-28,Apparel,46,50.63,1822.3,Yes,0.18,37,Spring,3689.59
SALE01362,2024-03-29,Sports,57,63.02,3293.61,No,0.0,48,Spring,3949.39
SALE01363,2024-03-29,Grocery,40,12.96,1026.09,Yes,0.14,35,Spring,697.72
SALE01364,2024-03-29,Home & Garden,23,74.87,5994.24,Yes,0.06,14,Spring,2015.69
SALE01365,2024-03-29,Apparel,10,46.13,3689.59,No,0.0,7,Spring,534.39
SALE01366,2024-03-30,Sports,32,47.45,3949.39,No,0.0,21,Spring,1986.0
SALE01367,2024-03-30,Apparel,41,46.3,534.39,No,0.0,31,Spring,2318.96
SALE01368,2024-03-30,Beauty,39,28.14,1813.08,No,0.0,37,Spring,1517.14
SALE01369,2024-03-31,Sports,16,52.11,1986.0,No,0.0,14,Spring,1092.44
SALE01370,2024-03-31,Home & Garden,46,56.98,2015.69,Yes,0.21,42,Spring,4735.27
SALE01371,2024-04-01,Grocery,53,17.22,697.72,No,0.0,44,Spring,1067.53
SALE01372,2024-04-01,Home & Garden,75,69.86,4735.27,No,0.0,55,Spring,6003.63
SALE01373,2024-04-01,Beauty,35,28.43,1517.14,No,0.0,27,Spring,1111.25
SALE01374,2024-04-02,Electronics,17,191.46,2685.61,Yes,0.06,10,Spring,4380.12
SALE01375,2024-04-02,Grocery,35,16.62,1067.53,No,0.0,34,Spring,648.09
SALE01376,2024-04-02,Apparel,69,49.35,2318.96,No,0.0,44,Spring,3612.26
SALE01377,2024-04-02,Home & Garden,16,70.21,6003.63,No,0.0,16,Spring,1382.78
SALE01378,2024-04-03,Apparel,37,47.05,3612.26,Yes,0.3,40,Spring,3055.71
SALE01379,2024-04-03,Beauty,14,34.66,1111.25,Yes,0.25,11,Spring,774.16
SALE01380,2024-04-03,Grocery,42,14.6,648.09,No,0.0,38,Spring,693.05
SALE01381,2024-04-04,Home & Garden,35,73.94,1382.78,No,0.0,24,Spring,3037.85
SALE01382,2024-04-04,Apparel,34,50.27,3055.71,Yes,0.29,25,Spring,2747.29
SALE01383,2024-04-04,Grocery,41,13.21,693.05,No,0.0,32,Spring,666.66
SALE01384,2024-04-04,Sports,20,65.4,1092.44,No,0.0,20,Spring,1337.88
SALE01385,2024-04-05,Electronics,27,193.85,4380.12,No,0.0,17,Spring,5771.87
SALE01386,2024-04-05,Sports,20,63.96,1337.88,No,0.0,15,Spring,1347.39
SALE01387,2024-04-06,Apparel,32,52.58,2747.29,No,0.0,27,Spring,2199.4
SALE01388,2024-04-06,Beauty,44,35.55,774.16,Yes,0.29,40,Spring,3218.59
SALE01389,2024-04-07,Sports,71,60.16,1347.39,No,0.0,71,Spring,5660.02
SALE01390,2024-04-07,Apparel,46,42.44,2199.4,Yes,0.21,34,Spring,3354.46
SALE01391,2024-04-07,Home & Garden,56,63.43,3037.85,No,0.0,59,Spring,4538.61
SALE01392,2024-04-08,Grocery,61,15.09,666.66,No,0.0,57,Spring,1031.8
SALE01393,2024-04-08,Sports,10,56.16,5660.02,Yes,0.12,10,Spring,752.74
SALE01394,2024-04-08,Beauty,58,28.16,3218.59,Yes,0.09,52,Spring,1984.8
SALE01395,2024-04-08,Apparel,36,47.62,3354.46,No,0.0,28,Spring,2113.25
SALE01396,2024-04-09,Apparel,36,41.34,2113.25,No,0.0,33,Spring,1842.77
SALE01397,2024-04-09,Beauty,40,29.67,1984.8,No,0.0,38,Spring,1304.27
SALE01398,2024-04-10,Grocery,41,14.59,1031.8,No,0.0,44,Spring,736.61
SALE01399,2024-04-10,Beauty,37,35.49,1304.27,No,0.0,28,Spring,1540.04
SALE01400,2024-04-10,Apparel,14,53.55,1842.77,No,0.0,11,Spring,913.62
SALE01401,2024-04-10,Sports,51,65.53,752.74,Yes,0.19,46,Spring,4854.59
SALE01402,2024-04-11,Grocery,21,,736.61,No,0.0,22,Spring,405.08
SALE01403,2024-04-11,Beauty,44,35.98,1540.04,No,0.0,29,Spring,1788.72
SALE01404,2024-04-11,Apparel,55,47.45,913.62,No,0.0,46,Spring,3242.5
SALE01405,2024-04-11,Electronics,40,254.52,5771.87,No,0.0,39,Spring,11684.12
SALE01406,2024-04-12,Electronics,34,215.9,11684.12,Yes,0.16,33,Spring,10573.36
SALE01407,2024-04-12,Apparel,41,42.66,3242.5,No,0.0,31,Spring,2029.44
SALE01408,2024-04-13,Home & Garden,52,75.53,4538.61,Yes,0.06,51,Spring,5813.52
SALE01409,2024-04-13,Sports,36,52.56,4854.59,No,0.0,28,Spring,2287.7
SALE01410,2024-04-13,Electronics,44,226.49,10573.36,Yes,0.25,45,Spring,16804.03
SALE01411,2024-04-14,Grocery,61,12.87,405.08,No,0.0,54,Spring,1065.18
SALE01412,2024-04-14,Sports,36,57.57,2287.7,No,0.0,35,Spring,2857.65
SALE01413,2024-04-14,Home & Garden,63,61.37,5813.52,Yes,0.3,56,Spring,6753.4
SALE01414,2024-04-14,Apparel,25,44.86,2029.44,No,0.0,21,Spring,1479.39
SALE01415,2024-04-15,Beauty,43,28.13,1788.72,No,0.0,31,Spring,1355.92
SALE01416,2024-04-15,Electronics,36,236.84,16804.03,No,0.0,21,Spring,9939.84
SALE01417,2024-04-15,Sports,38,54.48,2857.65,No,0.0,37,Spring,2556.21
SALE01418,2024-04-15,Home & Garden,67,73.41,6753.4,No,0.0,56,Spring,5173.77
SALE01419,2024-04-16,Apparel,39,42.9,1479.39,No,0.0,40,Spring,1858.07
SALE01420,2024-04-16,Sports,33,60.69,2556.21,No,0.0,22,Spring,2448.67
SALE01421,2024-04-16,Grocery,57,14.97,1065.18,No,0.0,51,Spring,876.22
SALE01422,2024-04-16,Beauty,42,34.86,1355.92,Yes,0.06,41,Spring,1792.51
SALE01423,2024-04-17,Apparel,34,44.19,1858.07,No,0.0,29,Spring,1869.75
SALE01424,2024-04-17,Beauty,50,28.81,1792.51,No,0.0,31,Spring,1740.55
SALE01425,2024-04-17,Electronics,39,212.74,9939.84,No,0.0,,Spring,8608.13
SALE01426,2024-04-17,Sports,53,60.96,2448.67,No,0.0,49,Spring,3504.86
SALE01427,2024-04-18,Apparel,37,50.62,1869.75,Yes,0.11,25,Spring,2396.07
SALE01428,2024-04-18,Sports,40,52.16,3504.86,No,0.0,25,Spring,2368.01
SALE01429,2024-04-18,Home & Garden,47,71.47,5173.77,No,0.0,50,Spring,4076.29
SALE01430,2024-04-19,Grocery,32,16.33,876.22,Yes,0.1,19,Spring,665.45
SALE01431,2024-04-19,Home & Garden,37,66.05,4076.29,No,0.0,27,Spring,2928.65
SALE01432,2024-04-20,Grocery,51,14.83,665.45,Yes,0.1,36,Spring,1050.32
SALE01433,2024-04-20,Sports,15,52.44,2368.01,No,0.0,11,Spring,1056.32
SALE01434,2024-04-20,Beauty,37,27.37,1740.55,No,0.0,30,Spring,1228.23
SALE01435,2024-04-21,Electronics,31,201.26,8608.13,No,0.0,19,Spring,7736.43
SALE01436,2024-04-21,Grocery,52,13.15,1050.32,Yes,0.25,56,Spring,1214.43
SALE01437,2024-04-21,Home & Garden,49,64.28,2928.65,Yes,0.24,39,Spring,6049.32
SALE01438,2024-04-21,Sports,54,65.69,1056.32,Yes,0.14,40,Spring,5916.03
SALE01439,2024-04-22,Grocery,6,13.02,1214.43,No,0.0,6,Spring,82.64
SALE01440,2024-04-22,Sports,32,65.4,5916.03,No,0.0,33,Spring,2275.06
SALE01441,2024-04-22,Home & Garden,22,62.56,6049.32,No,0.0,15,Spring,1607.52
SALE01442,2024-04-23,Home & Garden,35,65.84,1607.52,No,0.0,29,Spring,2778.53
SALE01443,2024-04-23,Beauty,16,35.34,1228.23,No,0.0,16,Spring,649.24
SALE01444,2024-04-23,Sports,23,57.82,2275.06,Yes,0.08,19,Spring,1620.19
SALE01445,2024-04-24,Apparel,19,45.34,2396.07,No,0.0,16,Spring,925.74
SALE01446,2024-04-24,Electronics,17,242.91,7736.43,No,0.0,10,Spring,5068.59
SALE01447,2024-04-24,Grocery,49,14.08,82.64,No,0.0,45,Spring,808.97
SALE01448,2024-04-25,Sports,11,52.55,1620.19,No,0.0,8,Spring,684.95
SALE01449,2024-04-25,Electronics,33,256.14,5068.59,No,0.0,32,Spring,9429.22
SALE01450,2024-04-25,Apparel,47,42.71,925.74,No,0.0,46,Spring,2130.73
SALE01451,2024-04-25,Home & Garden,30,59.13,2778.53,Yes,0.2,26,Spring,2847.22
SALE01452,2024-04-26,Apparel,40,47.59,2130.73,No,0.0,30,Spring,2182.99
SALE01453,2024-04-26,Beauty,31,33.79,649.24,Yes,0.12,25,Spring,1536.17
SALE01454,2024-04-27,Grocery,37,14.39,808.97,Yes,0.11,32,Spring,816.44
SALE01455,2024-04-27,Electronics,32,239.07,9429.22,No,0.0,19,Spring,9860.82
SALE01456,2024-04-27,Beauty,21,33.37,1536.17,Yes,0.29,17,Spring,1293.05
SALE01457,2024-04-28,Grocery,49,13.93,816.44,No,0.0,30,Spring,807.33
SALE01458,2024-04-28,Beauty,44,32.35,1293.05,No,0.0,48,Spring,1732.78
SALE01459,2024-04-28,Home & Garden,49,69.2,2847.22,No,0.0,42,Spring,4547.11
SALE01460,2024-04-28,Apparel,68,43.98,2182.99,No,0.0,46,Spring,4020.06
SALE01461,2024-04-29,Home & Garden,18,61.71,4547.11,No,0.0,12,Spring,1359.79
SALE01462,2024-04-29,Electronics,42,240.7,9860.82,No,0.0,29,Spring,12135.59
SALE01463,2024-04-30,Grocery,33,13.49,807.33,Yes,0.07,31,Spring,604.63
SALE01464,2024-04-30,Beauty,49,30.45,1732.78,No,0.0,48,Spring,1628.96
SALE01465,2024-05-01,Home & Garden,35,58.1,1359.79,No,0.0,25,Spring,2427.54
SALE01466,2024-05-01,Grocery,11,13.27,604.63,No,0.0,10,Spring,180.45
SALE01467,2024-05-01,Electronics,33,200.75,12135.59,No,0.0,21,Spring,8010.62
SALE01468,2024-05-02,Home & Garden,40,69.99,2427.54,No,0.0,32,Spring,2908.46
SALE01469,2024-05-02,Electronics,35,211.23,8010.62,No,0.0,21,Spring,7992.36
SALE01470,2024-05-02,Sports,33,60.18,684.95,No,0.0,23,Spring,2092.29
SALE01471,2024-05-02,Beauty,44,35.66,1628.96,No,0.0,39,Spring,1707.08
SALE01472,2024-05-03,Beauty,26,26.72,1707.08,Yes,0.19,19,Spring,984.55
SALE01473,2024-05-03,Home & Garden,15,68.72,2908.46,No,0.0,15,Spring,1118.62
SALE01474,2024-05-03,Grocery,53,14.41,180.45,Yes,0.22,47,Spring,1241.93
SALE01475,2024-05-04,Sports,26,49.32,2092.29,No,0.0,26,Spring,1822.97
SALE01476,2024-05-04,Apparel,36,52.88,4020.06,No,0.0,24,Spring,2370.92
SALE01477,2024-05-04,Home & Garden,43,71.75,1118.62,Yes,0.11,45,Spring,5164.87
SALE01478,2024-05-04,Beauty,45,29.39,984.55,No,0.0,30,Spring,1791.34
SALE01479,2024-05-05,Apparel,58,43.13,2370.92,No,0.0,55,Spring,3460.64
SALE01480,2024-05-05,Grocery,62,15.97,1241.93,No,0.0,48,Spring,1363.06
SALE01481,2024-05-05,Sports,22,51.61,1822.97,No,0.0,20,Spring,1384.86
SALE01482,2024-05-06,Beauty,65,27.9,1791.34,No,0.0,58,Spring,2019.6
SALE01483,2024-05-06,Apparel,47,51.67,3460.64,No,0.0,43,Spring,2749.92
SALE01484,2024-05-07,Electronics,42,250.77,7992.36,No,0.0,39,Spring,12643.68
SALE01485,2024-05-07,Apparel,37,42.16,2749.92,No,0.0,25,Spring,1646.69
SALE01486,2024-05-07,Beauty,48,35.9,2019.6,Yes,0.06,32,Spring,2362.01
SALE01487,2024-05-07,Grocery,52,15.5,1363.06,No,0.0,39,Spring,901.01
SALE01488,2024-05-08,Grocery,37,16.23,901.01,No,0.0,33,Spring,732.41
SALE01489,2024-05-08,Sports,56,62.17,1384.86,No,0.0,34,Spring,4003.37
SALE01490,2024-05-08,Apparel,5,41.0,1646.69,No,0.0,5,Spring,214.15
SALE01491,2024-05-09,Home & Garden,21,74.74,5164.87,No,0.0,16,Spring,1699.23
SALE01492,2024-05-09,Electronics,45,213.84,12643.68,No,0.0,45,Spring,11299.09
SALE01493,2024-05-09,Grocery,49,,732.41,No,0.0,50,Spring,702.7
SALE01494,2024-05-09,Apparel,54,40.18,214.15,No,0.0,40,Spring,2585.21
SALE01495,2024-05-10,Beauty,29,31.45,2362.01,No,0.0,27,Spring,968.83
SALE01496,2024-05-10,Electronics,43,219.91,11299.09,No,0.0,41,Spring,10720.51
SALE01497,2024-05-11,Grocery,32,17.69,702.7,Yes,0.11,28,Spring,882.36
SALE01498,2024-05-11,Apparel,23,48.61,2585.21,No,0.0,20,Spring,1550.92
SALE01499,2024-05-11,Sports,43,54.82,4003.37,No,0.0,46,Spring,3272.21
SALE01500,2024-05-12,Beauty,64,35.02,968.83,No,0.0,49,Spring,2743.99
SALE01501,2024-05-12,Home & Garden,66,71.5,1699.23,No,0.0,50,Spring,5598.91
SALE01502,2024-05-12,Grocery,24,13.81,882.36,No,0.0,19,Spring,453.12
SALE01503,2024-05-12,Apparel,55,40.73,1550.92,No,0.0,38,Spring,3023.96
SALE01504,2024-05-13,Grocery,58,16.8,453.12,Yes,0.09,63,Spring,1255.12
SALE01505,2024-05-13,Electronics,22,249.17,10720.51,No,0.0,21,Spring,5807.96
SALE01506,2024-05-13,Home & Garden,26,65.95,5598.91,No,0.0,25,Spring,1854.14
SALE01507,2024-05-13,Apparel,41,46.04,3023.96,No,0.0,25,Spring,2338.24
SALE01508,2024-05-14,Electronics,35,229.26,5807.96,No,0.0,22,Spring,10004.78
SALE01509,2024-05-14,Sports,59,54.61,3272.21,No,0.0,49,Spring,3915.4
SALE01510,2024-05-14,Beauty,47,35.07,2743.99,Yes,0.19,40,Spring,2258.83
SALE01511,2024-05-14,Grocery,46,14.91,1255.12,Yes,0.25,42,Spring,1128.3
SALE01512,2024-05-15,Grocery,32,17.87,1128.3,Yes,0.29,30,Spring,899.84
SALE01513,2024-05-15,Home & Garden,36,61.2,1854.14,Yes,0.17,21,Spring,2903.93
SALE01514,2024-05-15,Electronics,32,201.97,10004.78,No,0.0,34,Spring,7855.15
SALE01515,2024-05-16,Grocery,42,16.05,899.84,No,0.0,28,Spring,797.25
SALE01516,2024-05-16,Home & Garden,37,71.61,2903.93,No,0.0,35,Spring,3020.03
SALE01517,2024-05-17,Beauty,45,28.25,2258.83,Yes,0.18,37,Spring,2052.37
SALE01518,2024-05-17,Home & Garden,46,75.19,3020.03,No,0.0,32,Spring,3952.38
SALE01519,2024-05-17,Sports,44,64.38,3915.4,Yes,0.3,40,Spring,4577.34
SALE01520,2024-05-17,Grocery,22,13.72,797.25,Yes,0.23,18,Spring,474.9
SALE01521,2024-05-18,Beauty,31,31.8,2052.37,No,0.0,26,Spring,1234.14
SALE01522,2024-05-18,Grocery,45,14.53,474.9,No,0.0,39,Spring,793.8
SALE01523,2024-05-18,Apparel,51,38.79,2338.24,No,0.0,39,Spring,2639.07
SALE01524,2024-05-18,Sports,34,52.09,4577.34,Yes,0.11,27,Spring,2771.22
SALE01525,2024-05-19,Electronics,35,258.11,7855.15,Yes,0.2,35,Spring,14633.5
SALE01526,2024-05-19,Grocery,51,13.67,793.8,No,0.0,35,Spring,897.24
SALE01527,2024-05-20,Home & Garden,27,69.48,3952.38,Yes,0.08,28,Spring,2550.16
SALE01528,2024-05-20,Apparel,37,46.89,2639.07,Yes,0.07,22,Spring,2279.16
SALE01529,2024-05-21,Sports,54,57.69,2771.22,No,0.0,,Spring,3873.34
SALE01530,2024-05-21,Apparel,46,46.11,2279.16,Yes,0.15,39,Spring,3305.04
SALE01531,2024-05-21,Home & Garden,44,56.47,2550.16,No,0.0,30,Spring,3021.73
SALE01532,2024-05-21,Beauty,59,26.32,1234.14,Yes,0.09,36,Spring,2146.55
SALE01533,2024-05-22,Sports,68,58.46,3873.34,No,0.0,72,Spring,4271.68
SALE01534,2024-05-22,Grocery,48,14.94,897.24,No,0.0,40,Spring,863.32
SALE01535,2024-05-22,Apparel,35,53.8,3305.04,Yes,0.08,25,Spring,2542.35
SALE01536,2024-05-22,Electronics,32,206.73,14633.5,No,0.0,26,Spring,7792.59
SALE01537,2024-05-23,Grocery,42,17.95,863.32,No,0.0,38,Spring,897.83
SALE01538,2024-05-23,Home & Garden,40,70.93,3021.73,Yes,0.13,40,Spring,4236.96
SALE01539,2024-05-23,Apparel,7,48.2,2542.35,No,0.0,5,Spring,357.22
SALE01540,2024-05-24,Beauty,55,33.35,2146.55,No,0.0,50,Spring,2128.06
SALE01541,2024-05-24,Apparel,42,45.27,357.22,No,0.0,36,Spring,2336.51
SALE01542,2024-05-24,Home & Garden,40,73.43,4236.96,No,0.0,38,Spring,3376.64
SALE01543,2024-05-24,Electronics,48,220.09,7792.59,No,0.0,42,Spring,12203.01
SALE01544,2024-05-25,Home & Garden,11,65.28,3376.64,Yes,0.11,9,Spring,1147.11
SALE01545,2024-05-25,Beauty,40,33.23,2128.06,Yes,0.18,38,Spring,2172.72
SALE01546,2024-05-25,Grocery,45,15.76,897.83,No,0.0,49,Spring,873.47
SALE01547,2024-05-26,Sports,44,63.45,4271.68,Yes,0.12,46,Spring,4161.96
SALE01548,2024-05-26,Grocery,31,13.86,873.47,Yes,0.18,31,Spring,706.36
SALE01549,2024-05-26,Beauty,68,30.59,2172.72,Yes,0.09,55,Spring,3455.57
SALE01550,2024-05-27,Electronics,58,222.18,12203.01,No,0.0,38,Spring,13532.92
SALE01551,2024-05-27,Beauty,37,26.41,3455.57,No,0.0,32,Spring,1192.5
SALE01552,2024-05-28,Beauty,57,29.48,1192.5,No,0.0,40,Spring,1980.11
SALE01553,2024-05-28,Sports,49,59.33,4161.96,Yes,0.19,32,Spring,4126.23
SALE01554,2024-05-29,Apparel,23,39.86,2336.51,No,0.0,16,Spring,1150.73
SALE01555,2024-05-29,Electronics,43,247.21,13532.92,No,0.0,45,Spring,12826.8
SALE01556,2024-05-29,Sports,71,48.15,4126.23,No,0.0,52,Spring,4111.36
SALE01557,2024-05-30,Electronics,37,234.71,12826.8,No,0.0,39,Spring,10789.75
SALE01558,2024-05-30,Home & Garden,23,71.09,1147.11,No,0.0,18,Spring,1888.23
SALE01559,2024-05-30,Apparel,38,53.26,1150.73,No,0.0,39,Spring,2233.18
SALE01560,2024-05-31,Sports,25,47.59,4111.36,No,0.0,15,Spring,1251.42
SALE01561,2024-05-31,Beauty,44,30.52,1980.11,No,0.0,44,Spring,1642.34
SALE01562,2024-05-31,Grocery,61,17.75,706.36,No,0.0,61,Spring,1272.01
SALE01563,2024-05-31,Home & Garden,54,66.11,1888.23,No,0.0,37,Spring,4099.6
SALE01564,2024-06-01,Electronics,33,206.92,10789.75,No,0.0,24,Summer,8777.18
SALE01565,2024-06-01,Apparel,54,39.39,2233.18,No,0.0,33,Summer,2663.87
SALE01566,2024-06-02,Sports,67,63.9,1251.42,Yes,0.2,47,Summer,7945.54
SALE01567,2024-06-02,Home & Garden,47,63.09,4099.6,Yes,0.11,46,Summer,5254.92
SALE01568,2024-06-03,Sports,58,53.94,7945.54,Yes,0.13,54,Summer,4491.64
SALE01569,2024-06-03,Grocery,21,14.35,1272.01,Yes,0.29,23,Summer,481.93
SALE01570,2024-06-04,Grocery,61,13.97,481.93,No,0.0,48,Summer,936.43
SALE01571,2024-06-04,Sports,51,49.77,4491.64,No,0.0,39,Summer,2842.98
SALE01572,2024-06-05,Grocery,34,13.23,936.43,No,0.0,33,Summer,550.81
SALE01573,2024-06-05,Electronics,31,201.98,8777.18,No,0.0,29,Summer,7814.4
SALE01574,2024-06-05,Sports,47,52.44,2842.98,No,0.0,34,Summer,2758.44
SALE01575,2024-06-06,Beauty,44,29.86,1642.34,No,0.0,45,Summer,1549.27
SALE01576,2024-06-06,Sports,37,62.93,2758.44,No,0.0,27,Summer,2913.35
SALE01577,2024-06-06,Home & Garden,33,64.97,5254.92,No,0.0,31,Summer,2660.71
SALE01578,2024-06-06,Electronics,25,192.65,7814.4,No,0.0,15,Summer,5779.71
SALE01579,2024-06-07,Home & Garden,41,76.3,2660.71,No,0.0,39,Summer,4056.04
SALE01580,2024-06-07,Beauty,49,,1549.27,No,0.0,30,Summer,1824.07
SALE01581,2024-06-08,Home & Garden,54,66.23,4056.04,No,0.0,50,Summer,4614.33
SALE01582,2024-06-08,Grocery,60,12.88,550.81,No,0.0,54,Summer,1131.99
SALE01583,2024-06-08,Apparel,26,43.62,2663.87,No,0.0,,Summer,1678.65
SALE01584,2024-06-08,Electronics,14,213.62,5779.71,No,0.0,11,Summer,3971.24
SALE01585,2024-06-09,Electronics,48,222.64,3971.24,No,0.0,35,Summer,15680.95
SALE01586,2024-06-09,Sports,41,53.88,2913.35,No,0.0,33,Summer,3141.75
SALE01587,2024-06-09,Apparel,40,45.21,1678.65,No,0.0,28,Summer,2549.09
SALE01588,2024-06-10,Grocery,67,13.08,1131.99,No,0.0,55,Summer,1146.74
SALE01589,2024-06-10,Electronics,55,226.94,15680.95,Yes,0.28,47,Summer,21514.64
SALE01590,2024-06-11,Home & Garden,62,75.72,4614.33,No,0.0,51,Summer,5960.54
SALE01591,2024-06-11,Grocery,33,12.88,1146.74,No,0.0,19,Summer,504.63
SALE01592,2024-06-11,Beauty,49,33.39,1824.07,No,0.0,43,Summer,2165.09
SALE01593,2024-06-12,Home & Garden,28,76.7,5960.54,No,0.0,18,Summer,2608.24
SALE01594,2024-06-12,Electronics,44,239.33,21514.64,No,0.0,29,Summer,13114.19
SALE01595,2024-06-13,Electronics,28,249.67,13114.19,No,0.0,29,Summer,8645.08
SALE01596,2024-06-13,Beauty,37,32.72,2165.09,No,0.0,37,Summer,1445.44
SALE01597,2024-06-14,Beauty,52,28.69,1445.44,No,0.0,56,Summer,1915.67
SALE01598,2024-06-14,Home & Garden,22,56.06,2608.24,No,0.0,20,Summer,1578.18
SALE01599,2024-06-14,Electronics,24,232.25,8645.08,Yes,0.07,21,Summer,7171.66
SALE01600,2024-06-14,Apparel,64,52.18,2549.09,No,0.0,45,Summer,3927.56
SALE01601,2024-06-15,Home & Garden,36,65.2,1578.18,No,0.0,32,Summer,3405.69
SALE01602,2024-06-15,Apparel,10,50.82,3927.56,No,0.0,10,Summer,673.5
SALE01603,2024-06-16,Electronics,18,237.08,7171.66,No,0.0,11,Summer,5652.53
SALE01604,2024-06-16,Grocery,41,14.19,504.63,Yes,0.27,,Summer,1049.79
SALE01605,2024-06-17,Sports,50,48.33,3141.75,No,0.0,54,Summer,3030.52
SALE01606,2024-06-17,Home & Garden,39,73.63,3405.69,No,0.0,23,Summer,3776.38
SALE01607,2024-06-17,Beauty,88,32.62,1915.67,Yes,0.1,76,Summer,3757.68
SALE01608,2024-06-18,Electronics,21,221.72,5652.53,No,0.0,22,Summer,5778.94
SALE01609,2024-06-18,Grocery,28,14.63,1049.79,Yes,0.1,21,Summer,576.71
SALE01610,2024-06-19,Home & Garden,41,71.23,3776.38,No,0.0,34,Summer,3693.33
SALE01611,2024-06-19,Beauty,58,28.12,3757.68,No,0.0,45,Summer,1962.46
SALE01612,2024-06-20,Sports,55,56.49,3030.52,No,0.0,59,Summer,3773.22
SALE01613,2024-06-20,Electronics,61,263.74,5778.94,No,0.0,50,Summer,21230.58
SALE01614,2024-06-20,Home & Garden,31,67.97,3693.33,No,0.0,28,Summer,2463.52
SALE01615,2024-06-20,Beauty,40,27.0,1962.46,Yes,0.19,28,Summer,1667.31
SALE01616,2024-06-21,Home & Garden,44,73.2,2463.52,No,0.0,46,Summer,4288.31
SALE01617,2024-06-21,Grocery,27,13.75,576.71,No,0.0,27,Summer,486.55
SALE01618,2024-06-21,Beauty,16,32.35,1667.31,No,0.0,14,Summer,618.14
SALE01619,2024-06-22,Grocery,33,16.77,486.55,No,0.0,28,Summer,811.17
SALE01620,2024-06-22,Home & Garden,39,76.81,4288.31,No,0.0,26,Summer,4505.68
SALE01621,2024-06-23,Grocery,17,14.04,811.17,No,0.0,15,Summer,340.91
SALE01622,2024-06-23,Electronics,34,203.58,21230.58,No,0.0,24,Summer,10470.66
SALE01623,2024-06-24,Beauty,23,31.72,618.14,No,0.0,23,Summer,961.63
SALE01624,2024-06-24,Electronics,54,245.31,10470.66,No,0.0,57,Summer,15947.29
SALE01625,2024-06-24,Grocery,40,15.89,340.91,Yes,0.19,31,Summer,1094.79
SALE01626,2024-06-24,Home & Garden,40,77.28,4505.68,No,0.0,28,Summer,3649.33
SALE01627,2024-06-25,Apparel,58,39.54,673.5,Yes,0.28,57,Summer,4369.63
SALE01628,2024-06-25,Sports,8,53.77,3773.22,No,0.0,5,Summer,537.37
SALE01629,2024-06-26,Home & Garden,53,63.02,3649.33,No,0.0,38,Summer,3954.22
SALE01630,2024-06-26,Grocery,39,13.92,1094.79,No,0.0,33,Summer,616.9
SALE01631,2024-06-26,Apparel,35,45.46,4369.63,No,0.0,22,Summer,1894.73
SALE01632,2024-06-27,Grocery,53,14.0,616.9,No,0.0,50,Summer,860.36
SALE01633,2024-06-27,Beauty,45,27.77,961.63,No,0.0,31,Summer,1529.91
SALE01634,2024-06-28,Apparel,58,45.91,1894.73,No,0.0,39,Summer,3366.55
SALE01635,2024-06-28,Home & Garden,31,66.85,3954.22,No,0.0,25,Summer,2387.27
SALE01636,2024-06-28,Sports,35,48.83,537.37,Yes,0.12,30,Summer,2491.46
SALE01637,2024-06-28,Beauty,73,28.91,1529.91,No,0.0,73,Summer,2637.23
SALE01638,2024-06-29,Home & Garden,23,55.76,2387.27,No,0.0,17,Summer,1773.35
SALE01639,2024-06-29,Sports,26,57.16,2491.46,No,0.0,18,Summer,1877.64
SALE01640,2024-06-30,Beauty,42,32.06,2637.23,No,0.0,43,Summer,1706.09
SALE01641,2024-06-30,Grocery,33,16.83,860.36,No,0.0,21,Summer,702.13
SALE01642,2024-07-01,Grocery,30,17.12,702.13,No,0.0,20,Summer,637.3
SALE01643,2024-07-01,Sports,35,63.45,1877.64,No,0.0,22,Summer,2674.28
SALE01644,2024-07-02,Electronics,37,256.41,15947.29,No,0.0,37,Summer,12433.83
SALE01645,2024-07-02,Sports,66,63.49,2674.28,No,0.0,42,Summer,5213.13
SALE01646,2024-07-02,Apparel,24,50.13,3366.55,No,0.0,17,Summer,1603.08
SALE01647,2024-07-02,Home & Garden,28,63.62,1773.35,No,0.0,17,Summer,2194.18
SALE01648,2024-07-03,Apparel,24,44.48,1603.08,No,0.0,21,Summer,1177.98
SALE01649,2024-07-03,Grocery,46,17.85,637.3,Yes,0.09,36,Summer,1103.65
SALE01650,2024-07-03,Home & Garden,34,69.08,2194.18,Yes,0.23,36,Summer,4056.96
SALE01651,2024-07-04,Apparel,34,39.18,1177.98,Yes,0.27,30,Summer,2115.74
SALE01652,2024-07-04,Grocery,41,15.96,1103.65,Yes,0.28,,Summer,1240.84
SALE01653,2024-07-04,Beauty,79,28.26,1706.09,No,0.0,47,Summer,2845.2
SALE01654,2024-07-04,Sports,44,58.13,5213.13,No,0.0,27,Summer,2892.95
SALE01655,2024-07-05,Sports,43,63.22,2892.95,Yes,0.26,28,Summer,4727.68
SALE01656,2024-07-05,Grocery,29,13.1,1240.84,No,0.0,19,Summer,417.94
SALE01657,2024-07-06,Electronics,17,259.87,12433.83,No,0.0,16,Summer,6113.47
SALE01658,2024-07-06,Apparel,23,39.62,2115.74,Yes,0.2,17,Summer,1703.61
SALE01659,2024-07-07,Home & Garden,34,58.9,4056.96,No,0.0,22,Summer,2642.51
SALE01660,2024-07-07,Apparel,46,50.07,1703.61,Yes,0.27,46,Summer,4450.29
SALE01661,2024-07-07,Grocery,46,17.03,417.94,No,0.0,41,Summer,1155.88
SALE01662,2024-07-08,Grocery,48,17.23,1155.88,Yes,0.12,34,Summer,1219.94
SALE01663,2024-07-08,Sports,35,54.5,4727.68,No,0.0,26,Summer,2503.38
SALE01664,2024-07-08,Beauty,50,32.47,2845.2,No,0.0,37,Summer,2126.03
SALE01665,2024-07-09,Home & Garden,44,56.51,2642.51,No,0.0,44,Summer,3004.56
SALE01666,2024-07-09,Beauty,49,28.38,2126.03,No,0.0,47,Summer,1725.41
SALE01667,2024-07-10,Grocery,40,16.49,1219.94,No,0.0,31,Summer,832.51
SALE01668,2024-07-10,Beauty,45,30.24,1725.41,Yes,0.24,30,Summer,2450.36
SALE01669,2024-07-10,Sports,40,52.81,2503.38,No,0.0,32,Summer,2356.9
SALE01670,2024-07-10,Electronics,54,201.45,6113.47,No,0.0,35,Summer,12008.29
SALE01671,2024-07-11,Beauty,49,33.06,2450.36,No,0.0,39,Summer,1828.35
SALE01672,2024-07-11,Apparel,15,53.68,4450.29,No,0.0,14,Summer,973.84
SALE01673,2024-07-12,Home & Garden,51,67.59,3004.56,No,0.0,49,Summer,4036.91
SALE01674,2024-07-12,Grocery,47,15.01,832.51,No,0.0,37,Summer,917.13
SALE01675,2024-07-12,Sports,45,65.15,2356.9,Yes,0.29,31,Summer,5354.5
SALE01676,2024-07-12,Beauty,47,35.26,1828.35,No,0.0,35,Summer,2023.0
SALE01677,2024-07-13,Grocery,17,15.41,917.13,Yes,0.14,15,Summer,472.32
SALE01678,2024-07-13,Sports,48,57.28,5354.5,No,0.0,39,Summer,3776.75
SALE01679,2024-07-13,Beauty,75,27.53,2023.0,No,0.0,55,Summer,2737.99
SALE01680,2024-07-13,Apparel,42,49.8,973.84,No,0.0,26,Summer,3036.74
SALE01681,2024-07-14,Electronics,46,221.44,12008.29,No,0.0,39,Summer,15113.61
SALE01682,2024-07-14,Sports,53,59.27,3776.75,No,0.0,50,Summer,4324.76
SALE01683,2024-07-14,Grocery,14,12.87,472.32,No,0.0,12,Summer,253.13
SALE01684,2024-07-14,Home & Garden,31,66.29,4036.91,Yes,0.11,19,Summer,3466.63
SALE01685,2024-07-15,Home & Garden,65,66.26,3466.63,No,0.0,40,Summer,5190.28
SALE01686,2024-07-15,Grocery,20,17.2,253.13,No,0.0,21,Summer,446.19
SALE01687,2024-07-16,Home & Garden,36,61.86,5190.28,No,0.0,37,Summer,2695.01
SALE01688,2024-07-16,Sports,46,48.61,4324.76,No,0.0,30,Summer,2651.99
SALE01689,2024-07-17,Home & Garden,40,62.09,2695.01,No,0.0,38,Summer,3148.0
SALE01690,2024-07-17,Sports,40,59.92,2651.99,No,0.0,38,Summer,2677.01
SALE01691,2024-07-17,Electronics,31,227.47,15113.61,Yes,0.17,31,Summer,11137.82
SALE01692,2024-07-17,Grocery,67,14.16,446.19,Yes,0.19,72,Summer,1417.14
SALE01693,2024-07-18,Home & Garden,60,59.96,3148.0,Yes,0.15,44,Summer,4916.85
SALE01694,2024-07-18,Grocery,17,16.59,1417.14,Yes,0.09,14,Summer,362.79
SALE01695,2024-07-19,Apparel,34,43.14,3036.74,No,0.0,32,Summer,1919.31
SALE01696,2024-07-19,Beauty,63,29.31,2737.99,Yes,0.27,57,Summer,3459.31
SALE01697,2024-07-19,Electronics,25,203.12,11137.82,No,0.0,19,Summer,5835.0
SALE01698,2024-07-19,Sports,32,61.54,2677.01,No,0.0,29,Summer,2360.7
SALE01699,2024-07-20,Apparel,41,41.28,1919.31,No,0.0,29,Summer,2273.38
SALE01700,2024-07-20,Home & Garden,28,70.16,4916.85,Yes,0.19,23,Summer,3439.65
SALE01701,2024-07-20,Electronics,11,196.67,5835.0,No,0.0,10,Summer,2959.53
SALE01702,2024-07-21,Home & Garden,20,68.02,3439.65,Yes,0.24,13,Summer,2798.47
SALE01703,2024-07-21,Apparel,34,51.18,2273.38,No,0.0,34,Summer,2501.98
SALE01704,2024-07-21,Beauty,41,27.89,3459.31,Yes,0.06,36,Summer,1785.29
SALE01705,2024-07-22,Electronics,41,198.38,2959.53,No,0.0,26,Summer,10356.95
SALE01706,2024-07-22,Sports,30,60.47,2360.7,No,0.0,21,Summer,2391.81
SALE01707,2024-07-22,Home & Garden,38,62.46,2798.47,Yes,0.11,38,Summer,3239.73
SALE01708,2024-07-22,Beauty,53,29.43,1785.29,Yes,0.17,39,Summer,2655.04
SALE01709,2024-07-23,Beauty,51,34.82,2655.04,No,0.0,45,Summer,2049.86
SALE01710,2024-07-23,Apparel,23,43.19,2501.98,No,0.0,,Summer,1159.5
SALE01711,2024-07-24,Electronics,37,254.28,10356.95,Yes,0.21,24,Summer,16229.93
SALE01712,2024-07-24,Grocery,49,14.89,362.79,No,0.0,39,Summer,925.98
SALE01713,2024-07-25,Sports,48,50.45,2391.81,No,0.0,47,Summer,2805.05
SALE01714,2024-07-25,Home & Garden,37,75.02,3239.73,No,0.0,26,Summer,3181.37
SALE01715,2024-07-26,Apparel,63,40.45,1159.5,No,0.0,51,Summer,2969.05
SALE01716,2024-07-26,Electronics,24,197.54,16229.93,Yes,0.16,22,Summer,7098.29
SALE01717,2024-07-26,Home & Garden,60,65.03,3181.37,Yes,0.16,53,Summer,5822.98
SALE01718,2024-07-27,Apparel,28,47.31,2969.05,No,0.0,29,Summer,1992.89
SALE01719,2024-07-27,Home & Garden,41,63.2,5822.98,No,0.0,41,Summer,3575.8
SALE01720,2024-07-28,Electronics,30,261.63,7098.29,No,0.0,26,Summer,10354.63
SALE01721,2024-07-28,Sports,21,49.12,2805.05,Yes,0.28,22,Summer,2161.47
SALE01722,2024-07-29,Apparel,46,50.83,1992.89,Yes,0.14,46,Summer,3386.7
SALE01723,2024-07-29,Sports,28,57.22,2161.47,No,0.0,18,Summer,2052.1
SALE01724,2024-07-29,Grocery,73,16.2,925.98,No,0.0,66,Summer,1410.35
SALE01725,2024-07-30,Beauty,41,33.87,2049.86,Yes,0.18,44,Summer,2000.49
SALE01726,2024-07-30,Sports,18,63.93,2052.1,No,0.0,13,Summer,1511.35
SALE01727,2024-07-30,Grocery,50,16.69,1410.35,No,0.0,38,Summer,1010.71
SALE01728,2024-07-31,Electronics,48,263.51,10354.63,No,0.0,50,Summer,16722.14
SALE01729,2024-07-31,Home & Garden,23,74.13,3575.8,No,0.0,25,Summer,2038.55
SALE01730,2024-08-01,Home & Garden,11,71.68,2038.55,No,0.0,8,Summer,908.12
SALE01731,2024-08-01,Electronics,40,252.69,16722.14,Yes,0.22,41,Summer,16067.88
SALE01732,2024-08-01,Beauty,27,32.41,2000.49,No,0.0,28,Summer,1117.61
SALE01733,2024-08-01,Apparel,37,40.51,3386.7,Yes,0.16,26,Summer,2411.33
SALE01734,2024-08-02,Electronics,35,220.76,16067.88,Yes,0.17,24,Summer,11863.25
SALE01735,2024-08-02,Sports,15,64.75,1511.35,Yes,0.17,14,Summer,1644.02
SALE01736,2024-08-03,Sports,49,46.92,1644.02,No,0.0,33,Summer,3209.67
SALE01737,2024-08-03,Beauty,23,34.29,1117.61,Yes,0.2,22,Summer,1340.3
SALE01738,2024-08-03,Electronics,36,215.1,11863.25,Yes,0.28,28,Summer,15590.1
SALE01739,2024-08-04,Beauty,46,29.99,1340.3,No,0.0,47,Summer,2079.43
SALE01740,2024-08-04,Apparel,57,42.54,2411.33,No,0.0,37,Summer,3326.15
SALE01741,2024-08-05,Beauty,37,30.03,2079.43,Yes,0.24,28,Summer,1772.99
SALE01742,2024-08-05,Apparel,71,44.88,3326.15,Yes,0.12,,Summer,4344.24
SALE01743,2024-08-05,Sports,47,52.74,3209.67,No,0.0,46,Summer,3059.15
SALE01744,2024-08-06,Sports,17,47.88,3059.15,No,0.0,16,Summer,958.33
SALE01745,2024-08-06,Home & Garden,29,69.92,908.12,No,0.0,27,Summer,2518.08
SALE01746,2024-08-06,Beauty,63,33.44,1772.99,Yes,0.06,53,Summer,2565.78
SALE01747,2024-08-06,Grocery,60,13.92,1010.71,No,0.0,39,Summer,995.59
SALE01748,2024-08-07,Home & Garden,25,67.88,2518.08,No,0.0,18,Summer,2256.7
SALE01749,2024-08-07,Electronics,39,256.94,15590.1,Yes,0.23,34,Summer,16997.13
SALE01750,2024-08-07,Apparel,38,52.41,4344.24,Yes,0.16,37,Summer,2931.23
SALE01751,2024-08-07,Grocery,55,17.94,995.59,Yes,0.23,34,Summer,1716.1
SALE01752,2024-08-08,Apparel,32,51.79,2931.23,Yes,0.26,26,Summer,2805.11
SALE01753,2024-08-08,Electronics,34,263.02,16997.13,No,0.0,,Summer,10867.77
SALE01754,2024-08-09,Apparel,23,39.47,2805.11,No,0.0,13,Summer,1063.97
SALE01755,2024-08-09,Electronics,44,205.55,10867.77,No,0.0,44,Summer,11872.94
SALE01756,2024-08-10,Electronics,27,234.49,11872.94,Yes,0.23,19,Summer,13055.11
SALE01757,2024-08-10,Sports,53,62.16,958.33,No,0.0,45,Summer,4752.35
SALE01758,2024-08-11,Beauty,41,34.82,2565.78,No,0.0,36,Summer,2103.67
SALE01759,2024-08-11,Grocery,44,17.24,1716.1,No,0.0,43,Summer,995.02
SALE01760,2024-08-12,Home & Garden,14,61.25,2256.7,No,0.0,14,Summer,990.54
SALE01761,2024-08-12,Electronics,16,195.53,13055.11,No,0.0,10,Summer,3514.17
SALE01762,2024-08-13,Electronics,48,223.1,3514.17,No,0.0,33,Summer,13370.17
SALE01763,2024-08-13,Apparel,39,47.73,1063.97,Yes,0.28,26,Summer,3324.85
SALE01764,2024-08-13,Beauty,33,25.92,2103.67,No,0.0,28,Summer,964.39
SALE01765,2024-08-13,Grocery,30,16.65,995.02,No,0.0,21,Summer,654.0
SALE01766,2024-08-14,Electronics,21,214.46,13370.17,Yes,0.1,22,Summer,6678.5
SALE01767,2024-08-14,Sports,47,64.24,4752.35,No,0.0,35,Summer,3370.02
SALE01768,2024-08-15,Electronics,42,213.18,6678.5,Yes,0.16,45,Summer,14968.76
SALE01769,2024-08-15,Beauty,31,28.01,964.39,No,0.0,21,Summer,1024.45
SALE01770,2024-08-15,Home & Garden,74,59.53,990.54,Yes,0.07,62,Summer,6503.79
SALE01771,2024-08-15,Sports,28,48.92,3370.02,No,0.0,22,Summer,1722.23
SALE01772,2024-08-16,Beauty,46,31.08,1024.45,No,0.0,40,Summer,1780.23
SALE01773,2024-08-16,Apparel,36,46.92,3324.85,Yes,0.12,38,Summer,2451.64
SALE01774,2024-08-16,Sports,41,64.82,1722.23,Yes,0.21,40,Summer,4314.97
SALE01775,2024-08-16,Home & Garden,18,60.28,6503.79,Yes,0.08,11,Summer,1400.29
SALE01776,2024-08-17,Sports,38,62.48,4314.97,No,0.0,29,Summer,3609.67
SALE01777,2024-08-17,Home & Garden,1,76.71,1400.29,Yes,0.18,5,Summer,129.3
SALE01778,2024-08-18,Beauty,16,33.25,1780.23,Yes,0.06,15,Summer,747.32
SALE01779,2024-08-18,Home & Garden,44,73.79,129.3,No,0.0,30,Summer,4660.99
SALE01780,2024-08-18,Apparel,41,39.11,2451.64,No,0.0,35,Summer,2165.76
SALE01781,2024-08-18,Sports,58,65.87,3609.67,Yes,0.05,41,Summer,5360.91
SALE01782,2024-08-19,Beauty,47,31.31,747.32,Yes,0.05,43,Summer,2135.32
SALE01783,2024-08-19,Sports,16,64.85,5360.91,No,0.0,11,Summer,1207.28
SALE01784,2024-08-19,Grocery,45,17.36,654.0,Yes,0.14,44,Summer,1286.88
SALE01785,2024-08-20,Apparel,70,42.86,2165.76,Yes,0.12,60,Summer,4689.22
SALE01786,2024-08-20,Grocery,37,14.12,1286.88,No,0.0,33,Summer,662.34
SALE01787,2024-08-20,Beauty,23,30.89,2135.32,No,0.0,24,Summer,944.74
SALE01788,2024-08-20,Sports,50,64.97,1207.28,No,0.0,44,Summer,3748.85
SALE01789,2024-08-21,Home & Garden,44,66.13,4660.99,No,0.0,43,Summer,3714.24
SALE01790,2024-08-21,Apparel,36,53.16,4689.22,No,0.0,23,Summer,2413.58
SALE01791,2024-08-22,Grocery,47,16.31,662.34,No,0.0,39,Summer,1025.4
SALE01792,2024-08-22,Apparel,52,49.13,2413.58,Yes,0.19,51,Summer,4324.52
SALE01793,2024-08-23,Electronics,49,229.91,14968.76,No,0.0,39,Summer,13042.58
SALE01794,2024-08-23,Sports,27,49.96,3748.85,No,0.0,21,Summer,1704.06
SALE01795,2024-08-23,Grocery,57,16.12,1025.4,No,0.0,38,Summer,1093.95
SALE01796,2024-08-24,Home & Garden,62,74.39,3714.24,No,0.0,40,Summer,6327.84
SALE01797,2024-08-24,Beauty,43,27.56,944.74,No,0.0,39,Summer,1764.93
SALE01798,2024-08-25,Sports,46,63.49,1704.06,No,0.0,47,Summer,3948.7
SALE01799,2024-08-25,Electronics,59,220.04,13042.58,No,0.0,60,Summer,17964.17
SALE01800,2024-08-25,Apparel,39,41.27,4324.52,No,0.0,25,Summer,2099.54
SALE01801,2024-08-26,Apparel,51,44.07,2099.54,No,0.0,43,Summer,2892.97
SALE01802,2024-08-26,Sports,30,56.41,3948.7,No,0.0,27,Summer,2069.21
SALE01803,2024-08-26,Grocery,14,16.04,1093.95,No,0.0,11,Summer,281.76
SALE01804,2024-08-26,Beauty,36,27.08,1764.93,No,0.0,36,Summer,1292.59
SALE01805,2024-08-27,Sports,24,59.38,2069.21,No,0.0,25,Summer,1603.02
SALE01806,2024-08-27,Home & Garden,53,69.32,6327.84,No,0.0,31,Summer,4910.7
SALE01807,2024-08-27,Apparel,27,50.37,2892.97,No,0.0,24,Summer,1588.95
SALE01808,2024-08-27,Beauty,21,35.0,1292.59,No,0.0,17,Summer,937.5
SALE01809,2024-08-28,Beauty,52,32.93,937.5,No,0.0,43,Summer,1961.99
SALE01810,2024-08-28,Grocery,22,14.09,281.76,No,0.0,16,Summer,350.03
SALE01811,2024-08-28,Apparel,22,41.57,1588.95,Yes,0.08,16,Summer,1271.19
SALE01812,2024-08-29,Beauty,55,35.76,1961.99,No,0.0,46,Summer,2485.56
SALE01813,2024-08-29,Grocery,48,17.44,350.03,Yes,0.13,30,Summer,1167.14
SALE01814,2024-08-30,Home & Garden,47,57.0,4910.7,No,0.0,35,Summer,3255.02
SALE01815,2024-08-30,Beauty,44,31.77,2485.56,No,0.0,46,Summer,1655.68
SALE01816,2024-08-30,Grocery,56,14.77,1167.14,No,0.0,49,Summer,990.3
SALE01817,2024-08-30,Sports,47,47.22,1603.02,No,0.0,51,Summer,2878.68
SALE01818,2024-08-31,Sports,46,53.71,2878.68,Yes,0.09,35,Summer,4207.66
SALE01819,2024-08-31,Apparel,34,41.49,1271.19,No,0.0,36,Summer,1878.59
SALE01820,2024-08-31,Home & Garden,55,70.58,3255.02,No,0.0,60,Summer,5441.13
SALE01821,2024-08-31,Grocery,42,16.63,990.3,No,0.0,36,Summer,989.87
SALE01822,2024-09-01,Home & Garden,51,66.09,5441.13,No,0.0,48,Fall,4554.97
SALE01823,2024-09-01,Sports,46,58.64,4207.66,Yes,0.2,33,Fall,5043.03
SALE01824,2024-09-02,Sports,59,58.09,5043.03,Yes,0.05,42,Fall,4568.42
SALE01825,2024-09-02,Grocery,34,15.6,989.87,No,0.0,36,Fall,577.24
SALE01826,2024-09-03,Apparel,44,51.78,1878.59,No,0.0,27,Fall,2623.12
SALE01827,2024-09-03,Electronics,52,226.0,17964.17,No,0.0,34,Fall,13356.57
SALE01828,2024-09-03,Home & Garden,33,61.03,4554.97,No,0.0,29,Fall,2223.1
SALE01829,2024-09-03,Beauty,35,29.05,1655.68,Yes,0.05,27,Fall,1238.19
SALE01830,2024-09-04,Sports,49,,4568.42,No,0.0,45,Fall,2936.02
SALE01831,2024-09-04,Home & Garden,43,77.83,2223.1,No,0.0,33,Fall,4120.32
SALE01832,2024-09-04,Grocery,19,16.08,577.24,No,0.0,14,Fall,345.75
SALE01833,2024-09-04,Electronics,60,237.62,13356.57,No,0.0,59,Fall,17711.01
SALE01834,2024-09-05,Beauty,53,32.97,1238.19,No,0.0,56,Fall,1877.06
SALE01835,2024-09-05,Sports,28,54.74,2936.02,No,0.0,16,Fall,1877.83
SALE01836,2024-09-06,Electronics,57,223.67,17711.01,No,0.0,56,Fall,13475.06
SALE01837,2024-09-06,Apparel,31,49.48,2623.12,No,0.0,23,Fall,1821.31
SALE01838,2024-09-06,Beauty,43,30.04,1877.06,No,0.0,36,Fall,1492.24
SALE01839,2024-09-06,Sports,30,49.03,1877.83,Yes,0.08,28,Fall,1914.47
SALE01840,2024-09-07,Electronics,29,251.72,13475.06,Yes,0.17,26,Fall,12159.69
SALE01841,2024-09-07,Home & Garden,55,66.98,4120.32,No,0.0,48,Fall,4732.32
SALE01842,2024-09-07,Beauty,49,35.22,1492.24,No,0.0,51,Fall,2512.26
SALE01843,2024-09-08,Grocery,41,16.05,345.75,No,0.0,32,Fall,914.44
SALE01844,2024-09-08,Electronics,31,235.61,12159.69,Yes,0.27,21,Fall,13419.69
SALE01845,2024-09-08,Sports,62,61.57,1914.47,No,0.0,58,Fall,4659.76
SALE01846,2024-09-08,Apparel,56,40.6,1821.31,No,0.0,45,Fall,3128.6
SALE01847,2024-09-09,Beauty,60,30.58,2512.26,No,0.0,38,Fall,2009.96
SALE01848,2024-09-09,Grocery,27,16.72,914.44,Yes,0.08,18,Fall,604.61
SALE01849,2024-09-09,Apparel,58,48.21,3128.6,No,0.0,56,Fall,3524.22
SALE01850,2024-09-09,Electronics,72,237.03,13419.69,No,0.0,49,Fall,19593.67
SALE01851,2024-09-10,Beauty,43,26.72,2009.96,No,0.0,39,Fall,1349.29
SALE01852,2024-09-10,Home & Garden,47,64.47,4732.32,No,0.0,34,Fall,3311.62
SALE01853,2024-09-10,Sports,41,51.44,4659.76,No,0.0,41,Fall,2535.77
SALE01854,2024-09-10,Apparel,33,46.82,3524.22,Yes,0.1,30,Fall,2233.49
SALE01855,2024-09-11,Home & Garden,43,68.04,3311.62,Yes,0.09,38,Fall,4215.93
SALE01856,2024-09-11,Sports,39,59.99,2535.77,No,0.0,39,Fall,2634.11
SALE01857,2024-09-11,Beauty,19,32.96,1349.29,No,0.0,13,Fall,757.62
SALE00646,2023-07-30,Beauty,29,28.47,1217.97,No,0.0,27,Summer,1149.27
SALE01518,2024-05-17,Home & Garden,46,75.19,3020.03,No,0.0,32,Spring,3952.38
SALE01763,2024-08-13,Apparel,39,47.73,1063.97,Yes,0.28,26,Summer,3324.85
SALE00200,2023-03-09,Sports,44,55.04,1885.93,No,0.0,42,Spring,2569.59
SALE01682,2024-07-14,Sports,53,59.27,3776.75,No,0.0,50,Summer,4324.76
